hybrid_run_id,policy_version,experiment_id,dataset,anomaly_type,anomaly_rate,method,records,true_anomalies,predicted_anomalies,tp,tn,fp,fn,precision,recall,f1,false_positive_rate,false_negative_rate,specificity,accuracy,balanced_accuracy,pr_auc
HYBRID_20260727T160302Z,HYBRID_POLICY_V1.0,finance_A1_r01_s42,finance,A1,0.01,RULE_ONLY,20000,452,1676,30,17902,1646,422,0.017899761336515514,0.06637168141592921,0.02819548872180451,0.08420298751790464,0.9336283185840708,0.9157970124820953,0.8966,0.49108434694901226,0.022288037256848373
HYBRID_20260727T160302Z,HYBRID_POLICY_V1.0,finance_A1_r01_s42,finance,A1,0.01,ISOLATION_FOREST,20000,452,1380,25,18193,1355,427,0.018115942028985508,0.05530973451327434,0.027292576419213975,0.06931655412318395,0.9446902654867256,0.9306834458768161,0.9109,0.4929965901950452,0.021870409389030246
HYBRID_20260727T160302Z,HYBRID_POLICY_V1.0,finance_A1_r01_s42,finance,A1,0.01,LOCAL_OUTLIER_FACTOR,20000,452,277,8,19279,269,444,0.02888086642599278,0.017699115044247787,0.02194787379972565,0.013760998567628403,0.9823008849557522,0.9862390014323716,0.96435,0.5019690582383097,0.024060659852301332
HYBRID_20260727T160302Z,HYBRID_POLICY_V1.0,finance_A1_r01_s42,finance,A1,0.01,AI_CONSENSUS,20000,452,1580,31,17999,1549,421,0.019620253164556962,0.06858407079646017,0.03051181102362205,0.07924084305299775,0.9314159292035398,0.9207591569470023,0.9015,0.4946716138717312,0.02269451679403736
HYBRID_20260727T160302Z,HYBRID_POLICY_V1.0,finance_A1_r01_s42,finance,A1,0.01,HYBRID_V1,20000,452,4086,79,15541,4007,373,0.019334312285854135,0.1747787610619469,0.03481710004407228,0.20498260691630857,0.8252212389380531,0.7950173930836915,0.781,0.4848980770728192,0.024212107854459732
HYBRID_20260727T160302Z,HYBRID_POLICY_V1.0,finance_A1_r05_s43,finance,A1,0.05,RULE_ONLY,20000,2261,1656,189,16272,1467,2072,0.11413043478260869,0.08359133126934984,0.09650242532550421,0.08269913749365804,0.9164086687306502,0.9173008625063419,0.82305,0.5004460968878459,0.11314031498182797
HYBRID_20260727T160302Z,HYBRID_POLICY_V1.0,finance_A1_r05_s43,finance,A1,0.05,ISOLATION_FOREST,20000,2261,1374,138,16503,1236,2123,0.10043668122270742,0.06103494029190624,0.07592847317744154,0.06967698291899205,0.9389650597080937,0.930323017081008,0.83205,0.4956789786864571,0.11003824044490604
HYBRID_20260727T160302Z,HYBRID_POLICY_V1.0,finance_A1_r05_s43,finance,A1,0.05,LOCAL_OUTLIER_FACTOR,20000,2261,297,43,17485,254,2218,0.1447811447811448,0.01901813356921716,0.033620015637216574,0.01431873273577992,0.9809818664307829,0.9856812672642201,0.8764,0.5023497004167187,0.11553527975777568
HYBRID_20260727T160302Z,HYBRID_POLICY_V1.0,finance_A1_r05_s43,finance,A1,0.05,AI_CONSENSUS,20000,2261,1604,173,16308,1431,2088,0.10785536159600997,0.07651481645289694,0.08952134540750323,0.0806697108066971,0.9234851835471031,0.9193302891933028,0.82405,0.4979225528230999,0.11184361708567439
HYBRID_20260727T160302Z,HYBRID_POLICY_V1.0,finance_A1_r05_s43,finance,A1,0.05,HYBRID_V1,20000,2261,4091,447,14095,3644,1814,0.10926423857247616,0.1977001326846528,0.14074307304785894,0.20542307909126784,0.8022998673153472,0.7945769209087322,0.7271,0.4961385267966925,0.11192844491431646
HYBRID_20260727T160302Z,HYBRID_POLICY_V1.0,finance_A1_r10_s44,finance,A1,0.1,RULE_ONLY,20000,4521,1707,355,14127,1352,4166,0.20796719390743995,0.0785224507852245,0.11400128452151574,0.0873441436785322,0.9214775492147755,0.9126558563214678,0.7241,0.49558915355334615,0.2246300937485382
HYBRID_20260727T160302Z,HYBRID_POLICY_V1.0,finance_A1_r10_s44,finance,A1,0.1,ISOLATION_FOREST,20000,4521,1337,254,14396,1083,4267,0.18997756170531038,0.05618226056182261,0.08671901672925914,0.06996576006201952,0.9438177394381774,0.9300342399379805,0.7325,0.49310825024990157,0.21503378415314578
HYBRID_20260727T160302Z,HYBRID_POLICY_V1.0,finance_A1_r10_s44,finance,A1,0.1,LOCAL_OUTLIER_FACTOR,20000,4521,292,73,15260,219,4448,0.25,0.0161468701614687,0.030334510700186994,0.01414820078816461,0.9838531298385313,0.9858517992118354,0.76665,0.500999334686652,0.22416804382879818
HYBRID_20260727T160302Z,HYBRID_POLICY_V1.0,finance_A1_r10_s44,finance,A1,0.1,AI_CONSENSUS,20000,4521,1555,314,14238,1241,4207,0.20192926045016077,0.06945366069453661,0.10335747202106649,0.08017313779959946,0.9305463393054634,0.9198268622004006,0.7276,0.4946402614474686,0.21735260141558707
HYBRID_20260727T160302Z,HYBRID_POLICY_V1.0,finance_A1_r10_s44,finance,A1,0.1,HYBRID_V1,20000,4521,4102,871,12248,3231,3650,0.21233544612384203,0.19265649192656492,0.20201785921373072,0.20873441436785323,0.8073435080734351,0.7912655856321468,0.65595,0.4919610387793558,0.21571378033582386
HYBRID_20260727T160302Z,HYBRID_POLICY_V1.0,finance_A2_r01_s142,finance,A2,0.01,RULE_ONLY,20000,452,1626,0,17922,1626,452,0.0,0.0,0.0,0.08317986494782074,1.0,0.9168201350521793,0.8961,0.45841006752608965,0.0226
HYBRID_20260727T160302Z,HYBRID_POLICY_V1.0,finance_A2_r01_s142,finance,A2,0.01,ISOLATION_FOREST,20000,452,1370,34,18212,1336,418,0.024817518248175182,0.0752212389380531,0.03732162458836443,0.06834458768160426,0.9247787610619469,0.9316554123183958,0.9123,0.5034383256282244,0.022809537862149624
HYBRID_20260727T160302Z,HYBRID_POLICY_V1.0,finance_A2_r01_s142,finance,A2,0.01,LOCAL_OUTLIER_FACTOR,20000,452,282,8,19274,274,444,0.028368794326241134,0.017699115044247787,0.021798365122615803,0.014016779210149375,0.9823008849557522,0.9859832207898507,0.9641,0.5018411679170492,0.02259710182239506
HYBRID_20260727T160302Z,HYBRID_POLICY_V1.0,finance_A2_r01_s142,finance,A2,0.01,AI_CONSENSUS,20000,452,1569,41,18020,1528,411,0.026131293817718292,0.09070796460176991,0.04057397328055418,0.07816656435440966,0.9092920353982301,0.9218334356455904,0.90305,0.5062707001236801,0.021891334157413966
HYBRID_20260727T160302Z,HYBRID_POLICY_V1.0,finance_A2_r01_s142,finance,A2,0.01,HYBRID_V1,20000,452,4045,64,15567,3981,388,0.015822002472187888,0.1415929203539823,0.02846342005781632,0.20365254757519952,0.8584070796460177,0.7963474524248005,0.78155,0.4689701863893914,0.024327557517091994
HYBRID_20260727T160302Z,HYBRID_POLICY_V1.0,finance_A2_r05_s143,finance,A2,0.05,RULE_ONLY,20000,2261,1450,0,16289,1450,2261,0.0,0.0,0.0,0.08174079711370427,1.0,0.9182592028862957,0.81445,0.45912960144314785,0.11305
HYBRID_20260727T160302Z,HYBRID_POLICY_V1.0,finance_A2_r05_s143,finance,A2,0.05,ISOLATION_FOREST,20000,2261,1359,167,16547,1192,2094,0.12288447387785136,0.07386112339672711,0.09226519337016574,0.06719657252381758,0.9261388766032729,0.9328034274761824,0.8357,0.5033322754364548,0.1126210209794737
HYBRID_20260727T160302Z,HYBRID_POLICY_V1.0,finance_A2_r05_s143,finance,A2,0.05,LOCAL_OUTLIER_FACTOR,20000,2261,276,27,17490,249,2234,0.09782608695652174,0.011941618752764263,0.02128498226251478,0.014036867918146456,0.9880583812472358,0.9859631320818535,0.87585,0.49895237541730886,0.11487805710255183
HYBRID_20260727T160302Z,HYBRID_POLICY_V1.0,finance_A2_r05_s143,finance,A2,0.05,AI_CONSENSUS,20000,2261,1553,185,16371,1368,2076,0.11912427559562137,0.08182220256523662,0.09701101206082853,0.07711821410451547,0.9181777974347634,0.9228817858954845,0.8278,0.5023519942303606,0.11487668982479371
HYBRID_20260727T160302Z,HYBRID_POLICY_V1.0,finance_A2_r05_s143,finance,A2,0.05,HYBRID_V1,20000,2261,3904,329,14164,3575,1932,0.08427254098360656,0.14551083591331268,0.1067315490673155,0.20153334460792605,0.8544891640866873,0.798466655392074,0.72465,0.47198874565269333,0.12318605110177594
HYBRID_20260727T160302Z,HYBRID_POLICY_V1.0,finance_A2_r10_s144,finance,A2,0.1,RULE_ONLY,20000,4521,1269,0,14210,1269,4521,0.0,0.0,0.0,0.08198204018347438,1.0,0.9180179598165256,0.7105,0.4590089799082628,0.22605
HYBRID_20260727T160302Z,HYBRID_POLICY_V1.0,finance_A2_r10_s144,finance,A2,0.1,ISOLATION_FOREST,20000,4521,1323,280,14436,1043,4241,0.21164021164021163,0.061933200619332,0.09582477754962354,0.06738161379934104,0.938066799380668,0.932618386200659,0.7358,0.4972757934099955,0.22266894369426404
HYBRID_20260727T160302Z,HYBRID_POLICY_V1.0,finance_A2_r10_s144,finance,A2,0.1,LOCAL_OUTLIER_FACTOR,20000,4521,290,65,15254,225,4456,0.22413793103448276,0.0143773501437735,0.02702140927042195,0.01453582272756638,0.9856226498562265,0.9854641772724336,0.76595,0.49992076370810357,0.22515853550115436
HYBRID_20260727T160302Z,HYBRID_POLICY_V1.0,finance_A2_r10_s144,finance,A2,0.1,AI_CONSENSUS,20000,4521,1525,327,14281,1198,4194,0.21442622950819673,0.07232913072329131,0.10817069136619252,0.0773951805672201,0.9276708692767087,0.9226048194327799,0.7304,0.4974669750780356,0.22386652476938657
HYBRID_20260727T160302Z,HYBRID_POLICY_V1.0,finance_A2_r10_s144,finance,A2,0.1,HYBRID_V1,20000,4521,3736,624,12367,3112,3897,0.1670235546038544,0.13802256138022562,0.15114448346857212,0.20104657923638478,0.8619774386197744,0.7989534207636152,0.64955,0.4684879910719204,0.2374265453865065
HYBRID_20260727T160302Z,HYBRID_POLICY_V1.0,finance_A3_r01_s242,finance,A3,0.01,RULE_ONLY,20000,452,1594,27,17981,1567,425,0.016938519447929738,0.059734513274336286,0.026392961876832845,0.08016165336607325,0.9402654867256637,0.9198383466339267,0.9004,0.4897864299541315,0.02226181421480996
HYBRID_20260727T160302Z,HYBRID_POLICY_V1.0,finance_A3_r01_s242,finance,A3,0.01,ISOLATION_FOREST,20000,452,1362,35,18221,1327,417,0.02569750367107195,0.07743362831858407,0.03858875413450937,0.0678841825250665,0.922566371681416,0.9321158174749336,0.9128,0.5047747228967588,0.02350559928039295
HYBRID_20260727T160302Z,HYBRID_POLICY_V1.0,finance_A3_r01_s242,finance,A3,0.01,LOCAL_OUTLIER_FACTOR,20000,452,746,452,19254,294,0,0.6058981233243967,1.0,0.7545909849749582,0.015039901780233272,0.0,0.9849600982197667,0.9853,0.9924800491098833,1.0
HYBRID_20260727T160302Z,HYBRID_POLICY_V1.0,finance_A3_r01_s242,finance,A3,0.01,AI_CONSENSUS,20000,452,1998,452,18002,1546,0,0.22622622622622623,1.0,0.3689795918367347,0.07908737466748517,0.0,0.9209126253325148,0.9227,0.9604563126662574,0.10664196775816545
HYBRID_20260727T160302Z,HYBRID_POLICY_V1.0,finance_A3_r01_s242,finance,A3,0.01,HYBRID_V1,20000,452,4267,452,15733,3815,0,0.10592922427935318,1.0,0.19156600974782792,0.19516063024350316,0.0,0.8048393697564968,0.80925,0.9024196848782484,0.19485754654224982
HYBRID_20260727T160302Z,HYBRID_POLICY_V1.0,finance_A3_r05_s243,finance,A3,0.05,RULE_ONLY,20000,2261,1640,163,16262,1477,2098,0.09939024390243903,0.07209199469261389,0.08356831581645732,0.08326286712892497,0.9279080053073862,0.9167371328710751,0.82125,0.49441456378184445,0.11206524093591225
HYBRID_20260727T160302Z,HYBRID_POLICY_V1.0,finance_A3_r05_s243,finance,A3,0.05,ISOLATION_FOREST,20000,2261,1388,149,16500,1239,2112,0.10734870317002881,0.0659000442282176,0.08166620992052617,0.06984610180957213,0.9340999557717824,0.9301538981904278,0.83245,0.4980269712093227,0.1131807438504375
HYBRID_20260727T160302Z,HYBRID_POLICY_V1.0,finance_A3_r05_s243,finance,A3,0.05,LOCAL_OUTLIER_FACTOR,20000,2261,2508,2261,17492,247,0,0.9015151515151515,1.0,0.9482071713147411,0.013924121991093072,0.0,0.986075878008907,0.98765,0.9930379390044535,1.0
HYBRID_20260727T160302Z,HYBRID_POLICY_V1.0,finance_A3_r05_s243,finance,A3,0.05,AI_CONSENSUS,20000,2261,3676,2261,16324,1415,0,0.6150707290533188,1.0,0.7616641401381169,0.07976774339027003,0.0,0.92023225660973,0.92925,0.9601161283048649,0.36924041537724694
HYBRID_20260727T160302Z,HYBRID_POLICY_V1.0,finance_A3_r05_s243,finance,A3,0.05,HYBRID_V1,20000,2261,5436,2261,14564,3175,0,0.4159308314937454,1.0,0.5875016240093542,0.178984159197249,0.0,0.821015840802751,0.84125,0.9105079204013755,0.564377372486433
HYBRID_20260727T160302Z,HYBRID_POLICY_V1.0,finance_A3_r10_s244,finance,A3,0.1,RULE_ONLY,20000,4521,1667,378,14190,1289,4143,0.22675464907018597,0.0836098208360982,0.12217194570135746,0.08327411331481362,0.9163901791639018,0.9167258866851864,0.7284,0.5001678537606423,0.22610891558251056
HYBRID_20260727T160302Z,HYBRID_POLICY_V1.0,finance_A3_r10_s244,finance,A3,0.1,ISOLATION_FOREST,20000,4521,1386,307,14400,1079,4214,0.2215007215007215,0.06790533067905331,0.10394447265955646,0.06970734543575166,0.9320946693209466,0.9302926545642484,0.73535,0.49909899262165086,0.2214549136279738
HYBRID_20260727T160302Z,HYBRID_POLICY_V1.0,finance_A3_r10_s244,finance,A3,0.1,LOCAL_OUTLIER_FACTOR,20000,4521,4725,4521,15275,204,0,0.9568253968253968,1.0,0.9779364049318624,0.013179145939660184,0.0,0.9868208540603398,0.9898,0.9934104270301699,0.9999998532682165
HYBRID_20260727T160302Z,HYBRID_POLICY_V1.0,finance_A3_r10_s244,finance,A3,0.1,AI_CONSENSUS,20000,4521,5754,4521,14246,1233,0,0.7857142857142857,1.0,0.88,0.07965630854706376,0.0,0.9203436914529363,0.93835,0.9601718457264681,0.5828555935135207
HYBRID_20260727T160302Z,HYBRID_POLICY_V1.0,finance_A3_r10_s244,finance,A3,0.1,HYBRID_V1,20000,4521,6866,4405,13018,2461,116,0.6415671424410136,0.9743419597434196,0.7736892948098709,0.1589895988112927,0.025658040256580403,0.8410104011887073,0.87115,0.9076761804660635,0.7543321337403004
HYBRID_20260727T160302Z,HYBRID_POLICY_V1.0,finance_A4_r01_s342,finance,A4,0.01,RULE_ONLY,20000,452,1621,31,17958,1590,421,0.019123997532387416,0.06858407079646017,0.029908345393150026,0.08133824432166974,0.9314159292035398,0.9186617556783303,0.89945,0.49362291323739527,0.022361601600672583
HYBRID_20260727T160302Z,HYBRID_POLICY_V1.0,finance_A4_r01_s342,finance,A4,0.01,ISOLATION_FOREST,20000,452,1426,70,18192,1356,382,0.04908835904628331,0.15486725663716813,0.07454739084132056,0.06936771025168816,0.8451327433628318,0.9306322897483118,0.9131,0.54274977319274,0.04383271167534454
HYBRID_20260727T160302Z,HYBRID_POLICY_V1.0,finance_A4_r01_s342,finance,A4,0.01,LOCAL_OUTLIER_FACTOR,20000,452,362,92,19278,270,360,0.2541436464088398,0.20353982300884957,0.22604422604422605,0.013812154696132596,0.7964601769911505,0.9861878453038674,0.9685,0.5948638341563585,0.27535427342135815
HYBRID_20260727T160302Z,HYBRID_POLICY_V1.0,finance_A4_r01_s342,finance,A4,0.01,AI_CONSENSUS,20000,452,1667,114,17995,1553,338,0.0683863227354529,0.252212389380531,0.10759792354884379,0.07944546756701452,0.7477876106194691,0.9205545324329855,0.90545,0.5863834609067582,0.15366889895287286
HYBRID_20260727T160302Z,HYBRID_POLICY_V1.0,finance_A4_r01_s342,finance,A4,0.01,HYBRID_V1,20000,452,4143,245,15650,3898,207,0.05913589186579773,0.5420353982300885,0.10663764961915125,0.19940658890935134,0.4579646017699115,0.8005934110906486,0.79475,0.6713144046603685,0.12012114843834346
HYBRID_20260727T160302Z,HYBRID_POLICY_V1.0,finance_A4_r05_s343,finance,A4,0.05,RULE_ONLY,20000,2261,1670,183,16252,1487,2078,0.10958083832335329,0.08093763821318001,0.09310607987789367,0.0838265967641919,0.91906236178682,0.9161734032358081,0.82175,0.49855552072449405,0.11276921424731254
HYBRID_20260727T160302Z,HYBRID_POLICY_V1.0,finance_A4_r05_s343,finance,A4,0.05,ISOLATION_FOREST,20000,2261,1571,324,16492,1247,1937,0.20623806492679822,0.14329942503317117,0.16910229645093947,0.07029708551778567,0.8567005749668288,0.9297029144822143,0.8408,0.5365011697576927,0.18608249040719055
HYBRID_20260727T160302Z,HYBRID_POLICY_V1.0,finance_A4_r05_s343,finance,A4,0.05,LOCAL_OUTLIER_FACTOR,20000,2261,688,445,17496,243,1816,0.6468023255813954,0.1968155683325962,0.3017972193964056,0.0136986301369863,0.8031844316674038,0.9863013698630136,0.89705,0.591558469097805,0.5306356903108876
HYBRID_20260727T160302Z,HYBRID_POLICY_V1.0,finance_A4_r05_s343,finance,A4,0.05,AI_CONSENSUS,20000,2261,1977,551,16313,1426,1710,0.27870510875063226,0.24369747899159663,0.26002831524303915,0.08038784598906365,0.7563025210084033,0.9196121540109363,0.8432,0.5816548165012665,0.45259084145927597
HYBRID_20260727T160302Z,HYBRID_POLICY_V1.0,finance_A4_r05_s343,finance,A4,0.05,HYBRID_V1,20000,2261,4333,1090,14496,3243,1171,0.2515578121393953,0.4820875718708536,0.33060357901122234,0.18281752071706409,0.5179124281291464,0.8171824792829359,0.7793,0.6496350255768948,0.38400470759067595
HYBRID_20260727T160302Z,HYBRID_POLICY_V1.0,finance_A4_r10_s344,finance,A4,0.1,RULE_ONLY,20000,4521,1652,381,14208,1271,4140,0.23062953995157384,0.08427339084273391,0.12344079053944597,0.08211124749660831,0.9157266091572661,0.9178887525033917,0.72945,0.5010810716730628,0.22643593336021892
HYBRID_20260727T160302Z,HYBRID_POLICY_V1.0,finance_A4_r10_s344,finance,A4,0.1,ISOLATION_FOREST,20000,4521,1761,669,14387,1092,3852,0.3798977853492334,0.1479761114797611,0.21298949379178606,0.07054719297112216,0.8520238885202389,0.9294528070288778,0.7528,0.5387144592543195,0.3454505672404481
HYBRID_20260727T160302Z,HYBRID_POLICY_V1.0,finance_A4_r10_s344,finance,A4,0.1,LOCAL_OUTLIER_FACTOR,20000,4521,1119,896,15256,223,3625,0.8007149240393209,0.1981862419818624,0.3177304964539007,0.014406615414432456,0.8018137580181376,0.9855933845855676,0.8076,0.5918898132837149,0.694370902468642
HYBRID_20260727T160302Z,HYBRID_POLICY_V1.0,finance_A4_r10_s344,finance,A4,0.1,AI_CONSENSUS,20000,4521,2359,1110,14230,1249,3411,0.4705383637134379,0.24552090245520902,0.3226744186046512,0.08068996705213514,0.7544790975447909,0.9193100329478648,0.767,0.582415467701537,0.638376170940166
HYBRID_20260727T160302Z,HYBRID_POLICY_V1.0,finance_A4_r10_s344,finance,A4,0.1,HYBRID_V1,20000,4521,4561,1918,12836,2643,2603,0.4205218153913615,0.42424242424242425,0.42237392644791893,0.17074746430647975,0.5757575757575758,0.8292525356935202,0.7377,0.6267474799679722,0.5643498712822994
HYBRID_20260727T160302Z,HYBRID_POLICY_V1.0,finance_A5_r01_s442,finance,A5,0.01,RULE_ONLY,20000,452,1627,36,17957,1591,416,0.022126613398893668,0.07964601769911504,0.03463203463203463,0.08138940045017393,0.9203539823008849,0.918610599549826,0.89965,0.49912830862447055,0.022562296642389762
HYBRID_20260727T160302Z,HYBRID_POLICY_V1.0,finance_A5_r01_s442,finance,A5,0.01,ISOLATION_FOREST,20000,452,1367,42,18223,1325,410,0.030724213606437453,0.09292035398230089,0.04617921935129192,0.06778187026805811,0.9070796460176991,0.9322181297319418,0.91325,0.5125692418571214,0.030633960983927736
HYBRID_20260727T160302Z,HYBRID_POLICY_V1.0,finance_A5_r01_s442,finance,A5,0.01,LOCAL_OUTLIER_FACTOR,20000,452,343,70,19275,273,382,0.20408163265306123,0.15486725663716813,0.1761006289308176,0.013965623081645182,0.8451327433628318,0.9860343769183548,0.96725,0.5704508167777614,0.13043529396851997
HYBRID_20260727T160302Z,HYBRID_POLICY_V1.0,finance_A5_r01_s442,finance,A5,0.01,AI_CONSENSUS,20000,452,1631,111,18028,1520,341,0.06805640711220111,0.24557522123893805,0.10657705232837254,0.0777573153263761,0.754424778761062,0.9222426846736239,0.90695,0.583908952956281,0.056879691948911064
HYBRID_20260727T160302Z,HYBRID_POLICY_V1.0,finance_A5_r01_s442,finance,A5,0.01,HYBRID_V1,20000,452,4109,209,15648,3900,243,0.05086395716719396,0.46238938053097345,0.09164656873492655,0.19950890116635972,0.5376106194690266,0.8004910988336402,0.79285,0.6314402396823069,0.06077519575250958
HYBRID_20260727T160302Z,HYBRID_POLICY_V1.0,finance_A5_r05_s443,finance,A5,0.05,RULE_ONLY,20000,2261,1672,189,16256,1483,2072,0.11303827751196172,0.08359133126934984,0.09610983981693363,0.08360110491008513,0.9164086687306502,0.9163988950899149,0.82225,0.49999511317963236,0.11304902010161909
HYBRID_20260727T160302Z,HYBRID_POLICY_V1.0,finance_A5_r05_s443,finance,A5,0.05,ISOLATION_FOREST,20000,2261,1408,204,16535,1204,2057,0.14488636363636365,0.09022556390977443,0.11120196238757155,0.0678730480861379,0.9097744360902256,0.9321269519138621,0.83695,0.5111762579118182,0.13934397840741547
HYBRID_20260727T160302Z,HYBRID_POLICY_V1.0,finance_A5_r05_s443,finance,A5,0.05,LOCAL_OUTLIER_FACTOR,20000,2261,656,423,17506,233,1838,0.6448170731707317,0.18708536045997345,0.2900239972574563,0.013134900501719376,0.8129146395400265,0.9868650994982806,0.89645,0.586975229979127,0.46610388702303673
HYBRID_20260727T160302Z,HYBRID_POLICY_V1.0,finance_A5_r05_s443,finance,A5,0.05,AI_CONSENSUS,20000,2261,1989,609,16359,1380,1652,0.30618401206636503,0.2693498452012384,0.28658823529411764,0.07779468966683578,0.7306501547987616,0.9222053103331642,0.8484,0.5957775777672013,0.25155564576778827
HYBRID_20260727T160302Z,HYBRID_POLICY_V1.0,finance_A5_r05_s443,finance,A5,0.05,HYBRID_V1,20000,2261,4319,1025,14445,3294,1236,0.23732345450335726,0.4533392304290137,0.31155015197568386,0.1856925418569254,0.5466607695709863,0.8143074581430746,0.7735,0.6338233442860441,0.26900333618580974
HYBRID_20260727T160302Z,HYBRID_POLICY_V1.0,finance_A5_r10_s444,finance,A5,0.1,RULE_ONLY,20000,4521,1687,357,14149,1330,4164,0.21161825726141079,0.0789648307896483,0.11501288659793814,0.08592286323405905,0.9210351692103517,0.9140771367659409,0.7253,0.49652098377779463,0.22491039987664757
HYBRID_20260727T160302Z,HYBRID_POLICY_V1.0,finance_A5_r10_s444,finance,A5,0.1,ISOLATION_FOREST,20000,4521,1472,387,14394,1085,4134,0.26290760869565216,0.0856005308560053,0.12915067578841982,0.07009496737515343,0.9143994691439947,0.9299050326248466,0.73905,0.5077527817404259,0.2654745360656229
HYBRID_20260727T160302Z,HYBRID_POLICY_V1.0,finance_A5_r10_s444,finance,A5,0.1,LOCAL_OUTLIER_FACTOR,20000,4521,1067,816,15228,251,3705,0.7647610121836926,0.1804910418049104,0.29205440229062274,0.016215517798307384,0.8195089581950896,0.9837844822016926,0.8022,0.5821377620033015,0.6249840814233363
HYBRID_20260727T160302Z,HYBRID_POLICY_V1.0,finance_A5_r10_s444,finance,A5,0.1,AI_CONSENSUS,20000,4521,2448,1172,14203,1276,3349,0.47875816993464054,0.25923468259234683,0.3363466781460755,0.08243426577944311,0.7407653174076532,0.9175657342205569,0.76875,0.5884002084064519,0.4365963525312998
HYBRID_20260727T160302Z,HYBRID_POLICY_V1.0,finance_A5_r10_s444,finance,A5,0.1,HYBRID_V1,20000,4521,4534,1778,12723,2756,2743,0.392148213498015,0.39327582393275823,0.3927112092766427,0.17804767749854641,0.6067241760672417,0.8219523225014536,0.72505,0.6076140732171059,0.44482711169255607
HYBRID_20260727T160302Z,HYBRID_POLICY_V1.0,finance_A6_r01_s542,finance,A6,0.01,RULE_ONLY,20000,452,1703,50,17895,1653,402,0.029359953024075163,0.11061946902654868,0.04640371229698376,0.08456108041743401,0.8893805309734514,0.915438919582566,0.89725,0.5130291943045573,0.023347782414167604
HYBRID_20260727T160302Z,HYBRID_POLICY_V1.0,finance_A6_r01_s542,finance,A6,0.01,ISOLATION_FOREST,20000,452,1402,42,18188,1360,410,0.029957203994293864,0.09292035398230089,0.045307443365695796,0.06957233476570493,0.9070796460176991,0.9304276652342951,0.9115,0.511674009608298,0.02603009676788076
HYBRID_20260727T160302Z,HYBRID_POLICY_V1.0,finance_A6_r01_s542,finance,A6,0.01,LOCAL_OUTLIER_FACTOR,20000,452,264,16,19300,248,436,0.06060606060606061,0.035398230088495575,0.0446927374301676,0.012686719869040311,0.9646017699115044,0.9873132801309596,0.9658,0.5113557551097276,0.03757567651105605
HYBRID_20260727T160302Z,HYBRID_POLICY_V1.0,finance_A6_r01_s542,finance,A6,0.01,AI_CONSENSUS,20000,452,1581,49,18016,1532,403,0.03099304237824162,0.1084070796460177,0.048204623708804725,0.07837118886842644,0.8915929203539823,0.9216288111315736,0.90325,0.5150179453887956,0.03170126249572182
HYBRID_20260727T160302Z,HYBRID_POLICY_V1.0,finance_A6_r01_s542,finance,A6,0.01,HYBRID_V1,20000,452,4120,115,15543,4005,337,0.027912621359223302,0.25442477876106195,0.050306211723534555,0.2048802946593002,0.745575221238938,0.7951197053406999,0.7829,0.5247722420508809,0.031080687527444542
HYBRID_20260727T160302Z,HYBRID_POLICY_V1.0,finance_A6_r05_s543,finance,A6,0.05,RULE_ONLY,20000,2261,1695,163,16207,1532,2098,0.09616519174041298,0.07209199469261389,0.08240647118301314,0.08636338012289306,0.9279080053073862,0.913636619877107,0.8185,0.4928643072848604,0.11183274049256406
HYBRID_20260727T160302Z,HYBRID_POLICY_V1.0,finance_A6_r05_s543,finance,A6,0.05,ISOLATION_FOREST,20000,2261,1424,163,16478,1261,2098,0.11446629213483146,0.07209199469261389,0.08846675712347354,0.07108630700715937,0.9279080053073862,0.9289136929928407,0.83205,0.5005028438427273,0.11963611757547371
HYBRID_20260727T160302Z,HYBRID_POLICY_V1.0,finance_A6_r05_s543,finance,A6,0.05,LOCAL_OUTLIER_FACTOR,20000,2261,316,75,17498,241,2186,0.23734177215189872,0.033171163202122954,0.05820721769499418,0.013585884209932916,0.966828836797877,0.9864141157900671,0.87865,0.509792639496095,0.15093768305314148
HYBRID_20260727T160302Z,HYBRID_POLICY_V1.0,finance_A6_r05_s543,finance,A6,0.05,AI_CONSENSUS,20000,2261,1657,219,16301,1438,2042,0.13216656608328303,0.09685979655019902,0.11179173047473201,0.08106432155138396,0.903140203449801,0.918935678448616,0.826,0.5078977374994075,0.13773697432467819
HYBRID_20260727T160302Z,HYBRID_POLICY_V1.0,finance_A6_r05_s543,finance,A6,0.05,HYBRID_V1,20000,2261,4187,515,14067,3672,1746,0.1229997611655123,0.22777532065457762,0.1597394540942928,0.2070015220700152,0.7722246793454224,0.7929984779299848,0.7291,0.5103868992922812,0.13122856573599762
HYBRID_20260727T160302Z,HYBRID_POLICY_V1.0,finance_A6_r10_s544,finance,A6,0.1,RULE_ONLY,20000,4521,1623,385,14241,1238,4136,0.23721503388786197,0.0851581508515815,0.12532552083333334,0.07997932682989857,0.9148418491484185,0.9200206731701014,0.7313,0.5025894120108414,0.22700079364008557
HYBRID_20260727T160302Z,HYBRID_POLICY_V1.0,finance_A6_r10_s544,finance,A6,0.1,ISOLATION_FOREST,20000,4521,1461,362,14380,1099,4159,0.24777549623545517,0.08007078080070781,0.12102975593447007,0.0709994185670909,0.9199292191992922,0.9290005814329091,0.7371,0.5045356811168085,0.24178286337857374
HYBRID_20260727T160302Z,HYBRID_POLICY_V1.0,finance_A6_r10_s544,finance,A6,0.1,LOCAL_OUTLIER_FACTOR,20000,4521,345,154,15288,191,4367,0.4463768115942029,0.0340632603406326,0.0632963419646527,0.012339298404289684,0.9659367396593674,0.9876607015957103,0.7721,0.5108619809681715,0.2749342318848062
HYBRID_20260727T160302Z,HYBRID_POLICY_V1.0,finance_A6_r10_s544,finance,A6,0.1,AI_CONSENSUS,20000,4521,1713,468,14234,1245,4053,0.2732049036777583,0.10351692103516921,0.15014436958614052,0.0804315524258673,0.8964830789648308,0.9195684475741327,0.7351,0.511542684304651,0.26772869752366435
HYBRID_20260727T160302Z,HYBRID_POLICY_V1.0,finance_A6_r10_s544,finance,A6,0.1,HYBRID_V1,20000,4521,4103,1049,12425,3054,3472,0.2556665854252986,0.23202831232028312,0.24327458256029685,0.197299567155501,0.7679716876797169,0.802700432844499,0.6737,0.5173643725823911,0.26209875447618597
HYBRID_20260727T160302Z,HYBRID_POLICY_V1.0,finance_A7_r01_s642,finance,A7,0.01,RULE_ONLY,20000,452,1641,41,17948,1600,411,0.024984765386959172,0.09070796460176991,0.03917821309125657,0.08184980560671168,0.9092920353982301,0.9181501943932883,0.89945,0.5044290794975291,0.022816317214303817
HYBRID_20260727T160302Z,HYBRID_POLICY_V1.0,finance_A7_r01_s642,finance,A7,0.01,ISOLATION_FOREST,20000,452,1457,83,18174,1374,369,0.05696636925188744,0.1836283185840708,0.08695652173913043,0.07028852056476366,0.8163716814159292,0.9297114794352364,0.91285,0.5566698990096536,0.05171470241741294
HYBRID_20260727T160302Z,HYBRID_POLICY_V1.0,finance_A7_r01_s642,finance,A7,0.01,LOCAL_OUTLIER_FACTOR,20000,452,270,4,19282,266,448,0.014814814814814815,0.008849557522123894,0.0110803324099723,0.013607530182115817,0.9911504424778761,0.9863924698178842,0.9643,0.49762101367000405,0.03271134724597269
HYBRID_20260727T160302Z,HYBRID_POLICY_V1.0,finance_A7_r01_s642,finance,A7,0.01,AI_CONSENSUS,20000,452,1645,84,17987,1561,368,0.05106382978723404,0.18584070796460178,0.08011444921316166,0.07985471659504809,0.8141592920353983,0.9201452834049519,0.90355,0.5529929956847769,0.0544483793607513
HYBRID_20260727T160302Z,HYBRID_POLICY_V1.0,finance_A7_r01_s642,finance,A7,0.01,HYBRID_V1,20000,452,4085,184,15647,3901,268,0.04504283965728274,0.40707964601769914,0.08111086621115274,0.19956005729486392,0.5929203539823009,0.8004399427051361,0.79155,0.6037597943614176,0.04873596806204157
HYBRID_20260727T160302Z,HYBRID_POLICY_V1.0,finance_A7_r05_s643,finance,A7,0.05,RULE_ONLY,20000,2261,1660,183,16262,1477,2078,0.11024096385542169,0.08093763821318001,0.09334353481254781,0.08326286712892497,0.91906236178682,0.9167371328710751,0.82225,0.49883738554212753,0.11282264324880237
HYBRID_20260727T160302Z,HYBRID_POLICY_V1.0,finance_A7_r05_s643,finance,A7,0.05,ISOLATION_FOREST,20000,2261,1669,465,16535,1204,1796,0.27860994607549433,0.20566121185316233,0.2366412213740458,0.0678730480861379,0.7943387881468377,0.9321269519138621,0.85,0.5688940818835122,0.2517298075804594
HYBRID_20260727T160302Z,HYBRID_POLICY_V1.0,finance_A7_r05_s643,finance,A7,0.05,LOCAL_OUTLIER_FACTOR,20000,2261,266,22,17495,244,2239,0.08270676691729323,0.009730207872622734,0.01741195092995647,0.013755003100512994,0.9902697921273773,0.986244996899487,0.87585,0.49798760238605483,0.1432007416170594
HYBRID_20260727T160302Z,HYBRID_POLICY_V1.0,finance_A7_r05_s643,finance,A7,0.05,AI_CONSENSUS,20000,2261,1854,472,16357,1382,1789,0.2545846817691478,0.20875718708536045,0.22940461725394898,0.07790743559388917,0.7912428129146395,0.9220925644061109,0.84145,0.5654248757457356,0.23144916381533825
HYBRID_20260727T160302Z,HYBRID_POLICY_V1.0,finance_A7_r05_s643,finance,A7,0.05,HYBRID_V1,20000,2261,4315,909,14333,3406,1352,0.21066048667439166,0.40203449800973023,0.27645985401459855,0.192006313771915,0.5979655019902698,0.807993686228085,0.7621,0.6050140921189076,0.21739654659818108
HYBRID_20260727T160302Z,HYBRID_POLICY_V1.0,finance_A7_r10_s644,finance,A7,0.1,RULE_ONLY,20000,4521,1656,388,14211,1268,4133,0.23429951690821257,0.08582172085821721,0.12562732718147968,0.08191743652690742,0.9141782791417828,0.9180825634730926,0.72995,0.5019521421656549,0.22675798773731176
HYBRID_20260727T160302Z,HYBRID_POLICY_V1.0,finance_A7_r10_s644,finance,A7,0.1,ISOLATION_FOREST,20000,4521,1944,860,14395,1084,3661,0.44238683127572015,0.19022340190223402,0.2660479505027069,0.07003036371858647,0.809776598097766,0.9299696362814135,0.76275,0.5600965190918238,0.4046119890249249
HYBRID_20260727T160302Z,HYBRID_POLICY_V1.0,finance_A7_r10_s644,finance,A7,0.1,LOCAL_OUTLIER_FACTOR,20000,4521,233,39,15285,194,4482,0.16738197424892703,0.008626410086264101,0.016407236011779555,0.012533109373990568,0.9913735899137359,0.9874668906260095,0.7662,0.49804665035613677,0.28765813202248225
HYBRID_20260727T160302Z,HYBRID_POLICY_V1.0,finance_A7_r10_s644,finance,A7,0.1,AI_CONSENSUS,20000,4521,2087,862,14254,1225,3659,0.41303306181121224,0.1906657819066578,0.2608958837772397,0.07913947929452807,0.8093342180933422,0.920860520705472,0.7558,0.5557631513060649,0.4053477996068994
HYBRID_20260727T160302Z,HYBRID_POLICY_V1.0,finance_A7_r10_s644,finance,A7,0.1,HYBRID_V1,20000,4521,4566,1680,12593,2886,2841,0.3679369250985545,0.37159920371599203,0.36975899636843845,0.18644615285225144,0.6284007962840079,0.8135538471477486,0.71365,0.5925765254318703,0.3823775869104691
HYBRID_20260727T160302Z,HYBRID_POLICY_V1.0,healthcare_A1_r01_s1042,healthcare,A1,0.01,RULE_ONLY,5000,1018,0,0,3982,0,1018,0.0,0.0,0.0,0.0,1.0,1.0,0.7964,0.5,0.2036
HYBRID_20260727T160302Z,HYBRID_POLICY_V1.0,healthcare_A1_r01_s1042,healthcare,A1,0.01,ISOLATION_FOREST,5000,1018,65,12,3929,53,1006,0.18461538461538463,0.011787819253438114,0.0221606648199446,0.013309894525364139,0.9882121807465619,0.9866901054746359,0.7882,0.499238962364037,0.19792335307466613
HYBRID_20260727T160302Z,HYBRID_POLICY_V1.0,healthcare_A1_r01_s1042,healthcare,A1,0.01,LOCAL_OUTLIER_FACTOR,5000,1018,10,4,3976,6,1014,0.4,0.003929273084479371,0.007782101167315175,0.0015067805123053742,0.9960707269155207,0.9984932194876946,0.796,0.501211246286087,0.1964661545923127
HYBRID_20260727T160302Z,HYBRID_POLICY_V1.0,healthcare_A1_r01_s1042,healthcare,A1,0.01,AI_CONSENSUS,5000,1018,75,16,3923,59,1002,0.21333333333333335,0.015717092337917484,0.0292772186642269,0.014816675037669513,0.9842829076620825,0.9851833249623305,0.7878,0.500450208650124,0.19284822746778602
HYBRID_20260727T160302Z,HYBRID_POLICY_V1.0,healthcare_A1_r01_s1042,healthcare,A1,0.01,HYBRID_V1,5000,1018,486,79,3575,407,939,0.16255144032921812,0.07760314341846758,0.10505319148936171,0.10220994475138122,0.9223968565815324,0.8977900552486188,0.7308,0.48769659933354315,0.19386038406443762
HYBRID_20260727T160302Z,HYBRID_POLICY_V1.0,healthcare_A1_r05_s1043,healthcare,A1,0.05,RULE_ONLY,5088,5088,0,0,0,0,5088,0.0,0.0,0.0,0.0,1.0,0.0,0.0,0.0,
HYBRID_20260727T160302Z,HYBRID_POLICY_V1.0,healthcare_A1_r05_s1043,healthcare,A1,0.05,ISOLATION_FOREST,5088,5088,53,53,0,0,5035,1.0,0.010416666666666666,0.020618556701030927,0.0,0.9895833333333334,0.0,0.010416666666666666,0.005208333333333333,
HYBRID_20260727T160302Z,HYBRID_POLICY_V1.0,healthcare_A1_r05_s1043,healthcare,A1,0.05,LOCAL_OUTLIER_FACTOR,5088,5088,7,7,0,0,5081,1.0,0.0013757861635220125,0.002747791952894995,0.0,0.998624213836478,0.0,0.0013757861635220125,0.0006878930817610062,
HYBRID_20260727T160302Z,HYBRID_POLICY_V1.0,healthcare_A1_r05_s1043,healthcare,A1,0.05,AI_CONSENSUS,5088,5088,60,60,0,0,5028,1.0,0.01179245283018868,0.023310023310023312,0.0,0.9882075471698113,0.0,0.01179245283018868,0.00589622641509434,
HYBRID_20260727T160302Z,HYBRID_POLICY_V1.0,healthcare_A1_r05_s1043,healthcare,A1,0.05,HYBRID_V1,5088,5088,480,480,0,0,4608,1.0,0.09433962264150944,0.1724137931034483,0.0,0.9056603773584906,0.0,0.09433962264150944,0.04716981132075472,
HYBRID_20260727T160302Z,HYBRID_POLICY_V1.0,healthcare_A1_r10_s1044,healthcare,A1,0.1,RULE_ONLY,10177,10177,0,0,0,0,10177,0.0,0.0,0.0,0.0,1.0,0.0,0.0,0.0,
HYBRID_20260727T160302Z,HYBRID_POLICY_V1.0,healthcare_A1_r10_s1044,healthcare,A1,0.1,ISOLATION_FOREST,10177,10177,113,113,0,0,10064,1.0,0.011103468605679474,0.02196307094266278,0.0,0.9888965313943205,0.0,0.011103468605679474,0.005551734302839737,
HYBRID_20260727T160302Z,HYBRID_POLICY_V1.0,healthcare_A1_r10_s1044,healthcare,A1,0.1,LOCAL_OUTLIER_FACTOR,10177,10177,16,16,0,0,10161,1.0,0.0015721725459369165,0.003139409398606887,0.0,0.9984278274540631,0.0,0.0015721725459369165,0.0007860862729684582,
HYBRID_20260727T160302Z,HYBRID_POLICY_V1.0,healthcare_A1_r10_s1044,healthcare,A1,0.1,AI_CONSENSUS,10177,10177,127,127,0,0,10050,1.0,0.012479119583374275,0.024650621118012424,0.0,0.9875208804166258,0.0,0.012479119583374275,0.006239559791687137,
HYBRID_20260727T160302Z,HYBRID_POLICY_V1.0,healthcare_A1_r10_s1044,healthcare,A1,0.1,HYBRID_V1,10177,10177,1008,1008,0,0,9169,1.0,0.09904687039402574,0.18024139472507822,0.0,0.9009531296059743,0.0,0.09904687039402574,0.04952343519701287,
HYBRID_20260727T160302Z,HYBRID_POLICY_V1.0,healthcare_A2_r01_s1142,healthcare,A2,0.01,RULE_ONLY,5000,1018,0,0,3982,0,1018,0.0,0.0,0.0,0.0,1.0,1.0,0.7964,0.5,0.2036
HYBRID_20260727T160302Z,HYBRID_POLICY_V1.0,healthcare_A2_r01_s1142,healthcare,A2,0.01,ISOLATION_FOREST,5000,1018,55,10,3937,45,1008,0.18181818181818182,0.009823182711198428,0.01863932898415657,0.011300853842290307,0.9901768172888016,0.9886991461577097,0.7894,0.49926116443445406,0.20429475571649058
HYBRID_20260727T160302Z,HYBRID_POLICY_V1.0,healthcare_A2_r01_s1142,healthcare,A2,0.01,LOCAL_OUTLIER_FACTOR,5000,1018,5,3,3980,2,1015,0.6,0.0029469548133595285,0.005865102639296188,0.0005022601707684581,0.9970530451866405,0.9994977398292315,0.7966,0.5012223473212956,0.22674517688366708
HYBRID_20260727T160302Z,HYBRID_POLICY_V1.0,healthcare_A2_r01_s1142,healthcare,A2,0.01,AI_CONSENSUS,5000,1018,60,13,3935,47,1005,0.21666666666666667,0.012770137524557957,0.02411873840445269,0.011803114013058764,0.9872298624754421,0.9881968859869412,0.7896,0.5004835117557496,0.22016213054649536
HYBRID_20260727T160302Z,HYBRID_POLICY_V1.0,healthcare_A2_r01_s1142,healthcare,A2,0.01,HYBRID_V1,5000,1018,498,120,3604,378,898,0.24096385542168675,0.11787819253438114,0.158311345646438,0.09492717227523857,0.8821218074656189,0.9050728277247614,0.7448,0.5114755101295713,0.254443381678902
HYBRID_20260727T160302Z,HYBRID_POLICY_V1.0,healthcare_A2_r05_s1143,healthcare,A2,0.05,RULE_ONLY,5088,5088,0,0,0,0,5088,0.0,0.0,0.0,0.0,1.0,0.0,0.0,0.0,
HYBRID_20260727T160302Z,HYBRID_POLICY_V1.0,healthcare_A2_r05_s1143,healthcare,A2,0.05,ISOLATION_FOREST,5088,5088,46,46,0,0,5042,1.0,0.009040880503144654,0.017919750681729647,0.0,0.9909591194968553,0.0,0.009040880503144654,0.004520440251572327,
HYBRID_20260727T160302Z,HYBRID_POLICY_V1.0,healthcare_A2_r05_s1143,healthcare,A2,0.05,LOCAL_OUTLIER_FACTOR,5088,5088,8,8,0,0,5080,1.0,0.0015723270440251573,0.0031397174254317113,0.0,0.9984276729559748,0.0,0.0015723270440251573,0.0007861635220125787,
HYBRID_20260727T160302Z,HYBRID_POLICY_V1.0,healthcare_A2_r05_s1143,healthcare,A2,0.05,AI_CONSENSUS,5088,5088,53,53,0,0,5035,1.0,0.010416666666666666,0.020618556701030927,0.0,0.9895833333333334,0.0,0.010416666666666666,0.005208333333333333,
HYBRID_20260727T160302Z,HYBRID_POLICY_V1.0,healthcare_A2_r05_s1143,healthcare,A2,0.05,HYBRID_V1,5088,5088,534,534,0,0,4554,1.0,0.10495283018867925,0.18996798292422626,0.0,0.8950471698113207,0.0,0.10495283018867925,0.052476415094339625,
HYBRID_20260727T160302Z,HYBRID_POLICY_V1.0,healthcare_A2_r10_s1144,healthcare,A2,0.1,RULE_ONLY,10177,10177,0,0,0,0,10177,0.0,0.0,0.0,0.0,1.0,0.0,0.0,0.0,
HYBRID_20260727T160302Z,HYBRID_POLICY_V1.0,healthcare_A2_r10_s1144,healthcare,A2,0.1,ISOLATION_FOREST,10177,10177,110,110,0,0,10067,1.0,0.010808686253316302,0.021386215611937397,0.0,0.9891913137466837,0.0,0.010808686253316302,0.005404343126658151,
HYBRID_20260727T160302Z,HYBRID_POLICY_V1.0,healthcare_A2_r10_s1144,healthcare,A2,0.1,LOCAL_OUTLIER_FACTOR,10177,10177,21,21,0,0,10156,1.0,0.002063476466542203,0.0041184545989409686,0.0,0.9979365235334577,0.0,0.002063476466542203,0.0010317382332711016,
HYBRID_20260727T160302Z,HYBRID_POLICY_V1.0,healthcare_A2_r10_s1144,healthcare,A2,0.1,AI_CONSENSUS,10177,10177,130,130,0,0,10047,1.0,0.012773901935737447,0.025225574852042302,0.0,0.9872260980642625,0.0,0.012773901935737447,0.006386950967868723,
HYBRID_20260727T160302Z,HYBRID_POLICY_V1.0,healthcare_A2_r10_s1144,healthcare,A2,0.1,HYBRID_V1,10177,10177,1045,1045,0,0,9132,1.0,0.10268251940650486,0.18624131170914277,0.0,0.8973174805934951,0.0,0.10268251940650486,0.05134125970325243,
HYBRID_20260727T160302Z,HYBRID_POLICY_V1.0,healthcare_A3_r01_s1242,healthcare,A3,0.01,RULE_ONLY,5000,1018,0,0,3982,0,1018,0.0,0.0,0.0,0.0,1.0,1.0,0.7964,0.5,0.2036
HYBRID_20260727T160302Z,HYBRID_POLICY_V1.0,healthcare_A3_r01_s1242,healthcare,A3,0.01,ISOLATION_FOREST,5000,1018,57,15,3940,42,1003,0.2631578947368421,0.014734774066797643,0.027906976744186046,0.01054746358613762,0.9852652259332023,0.9894525364138623,0.791,0.50209365524033,0.2103024503813047
HYBRID_20260727T160302Z,HYBRID_POLICY_V1.0,healthcare_A3_r01_s1242,healthcare,A3,0.01,LOCAL_OUTLIER_FACTOR,5000,1018,1029,1018,3971,11,0,0.989310009718173,1.0,0.9946262823644357,0.0027624309392265192,0.0,0.9972375690607734,0.9978,0.9986187845303867,1.0
HYBRID_20260727T160302Z,HYBRID_POLICY_V1.0,healthcare_A3_r01_s1242,healthcare,A3,0.01,AI_CONSENSUS,5000,1018,1071,1018,3929,53,0,0.9505135387488328,1.0,0.9746290090952608,0.013309894525364139,0.0,0.9866901054746359,0.9894,0.993345052737318,0.6024788196735847
HYBRID_20260727T160302Z,HYBRID_POLICY_V1.0,healthcare_A3_r01_s1242,healthcare,A3,0.01,HYBRID_V1,5000,1018,1151,995,3826,156,23,0.8644656820156386,0.9774066797642437,0.9174734900875979,0.03917629331993973,0.022593320235756387,0.9608237066800602,0.9642,0.969115193222152,0.9338939250561513
HYBRID_20260727T160302Z,HYBRID_POLICY_V1.0,healthcare_A3_r05_s1243,healthcare,A3,0.05,RULE_ONLY,5088,5088,0,0,0,0,5088,0.0,0.0,0.0,0.0,1.0,0.0,0.0,0.0,
HYBRID_20260727T160302Z,HYBRID_POLICY_V1.0,healthcare_A3_r05_s1243,healthcare,A3,0.05,ISOLATION_FOREST,5088,5088,55,55,0,0,5033,1.0,0.010809748427672955,0.021388294769589734,0.0,0.9891902515723271,0.0,0.010809748427672955,0.005404874213836478,
HYBRID_20260727T160302Z,HYBRID_POLICY_V1.0,healthcare_A3_r05_s1243,healthcare,A3,0.05,LOCAL_OUTLIER_FACTOR,5088,5088,5088,5088,0,0,0,1.0,1.0,1.0,0.0,0.0,0.0,1.0,0.5,
HYBRID_20260727T160302Z,HYBRID_POLICY_V1.0,healthcare_A3_r05_s1243,healthcare,A3,0.05,AI_CONSENSUS,5088,5088,5088,5088,0,0,0,1.0,1.0,1.0,0.0,0.0,0.0,1.0,0.5,
HYBRID_20260727T160302Z,HYBRID_POLICY_V1.0,healthcare_A3_r05_s1243,healthcare,A3,0.05,HYBRID_V1,5088,5088,2502,2502,0,0,2586,1.0,0.49174528301886794,0.6592885375494071,0.0,0.5082547169811321,0.0,0.49174528301886794,0.24587264150943397,
HYBRID_20260727T160302Z,HYBRID_POLICY_V1.0,healthcare_A3_r10_s1244,healthcare,A3,0.1,RULE_ONLY,10177,10177,0,0,0,0,10177,0.0,0.0,0.0,0.0,1.0,0.0,0.0,0.0,
HYBRID_20260727T160302Z,HYBRID_POLICY_V1.0,healthcare_A3_r10_s1244,healthcare,A3,0.1,ISOLATION_FOREST,10177,10177,98,98,0,0,10079,1.0,0.009629556843863614,0.019075425790754257,0.0,0.9903704431561364,0.0,0.009629556843863614,0.004814778421931807,
HYBRID_20260727T160302Z,HYBRID_POLICY_V1.0,healthcare_A3_r10_s1244,healthcare,A3,0.1,LOCAL_OUTLIER_FACTOR,10177,10177,10177,10177,0,0,0,1.0,1.0,1.0,0.0,0.0,0.0,1.0,0.5,
HYBRID_20260727T160302Z,HYBRID_POLICY_V1.0,healthcare_A3_r10_s1244,healthcare,A3,0.1,AI_CONSENSUS,10177,10177,10177,10177,0,0,0,1.0,1.0,1.0,0.0,0.0,0.0,1.0,0.5,
HYBRID_20260727T160302Z,HYBRID_POLICY_V1.0,healthcare_A3_r10_s1244,healthcare,A3,0.1,HYBRID_V1,10177,10177,4931,4931,0,0,5246,1.0,0.48452392650093346,0.6527667460947842,0.0,0.5154760734990665,0.0,0.48452392650093346,0.24226196325046673,
HYBRID_20260727T160302Z,HYBRID_POLICY_V1.0,healthcare_A4_r01_s1342,healthcare,A4,0.01,RULE_ONLY,5000,1018,0,0,3982,0,1018,0.0,0.0,0.0,0.0,1.0,1.0,0.7964,0.5,0.2036
HYBRID_20260727T160302Z,HYBRID_POLICY_V1.0,healthcare_A4_r01_s1342,healthcare,A4,0.01,ISOLATION_FOREST,5000,1018,67,25,3940,42,993,0.373134328358209,0.02455795677799607,0.04608294930875576,0.01054746358613762,0.9754420432220039,0.9894525364138623,0.793,0.5070052465959292,0.2656957495998889
HYBRID_20260727T160302Z,HYBRID_POLICY_V1.0,healthcare_A4_r01_s1342,healthcare,A4,0.01,LOCAL_OUTLIER_FACTOR,5000,1018,1024,1018,3976,6,0,0.994140625,1.0,0.9970617042115573,0.0015067805123053742,0.0,0.9984932194876946,0.9988,0.9992466097438473,0.999991289732364
HYBRID_20260727T160302Z,HYBRID_POLICY_V1.0,healthcare_A4_r01_s1342,healthcare,A4,0.01,AI_CONSENSUS,5000,1018,1066,1018,3934,48,0,0.9549718574108818,1.0,0.9769673704414588,0.012054244098442994,0.0,0.987945755901557,0.9904,0.9939728779507785,0.6929189261873457
HYBRID_20260727T160302Z,HYBRID_POLICY_V1.0,healthcare_A4_r01_s1342,healthcare,A4,0.01,HYBRID_V1,5000,1018,1151,994,3825,157,24,0.8635968722849696,0.9764243614931237,0.9165514061779622,0.03942742340532396,0.023575638506876228,0.9605725765946761,0.9638,0.9684984690438999,0.9510297927518006
HYBRID_20260727T160302Z,HYBRID_POLICY_V1.0,healthcare_A4_r05_s1343,healthcare,A4,0.05,RULE_ONLY,5088,5088,0,0,0,0,5088,0.0,0.0,0.0,0.0,1.0,0.0,0.0,0.0,
HYBRID_20260727T160302Z,HYBRID_POLICY_V1.0,healthcare_A4_r05_s1343,healthcare,A4,0.05,ISOLATION_FOREST,5088,5088,96,96,0,0,4992,1.0,0.018867924528301886,0.037037037037037035,0.0,0.9811320754716981,0.0,0.018867924528301886,0.009433962264150943,
HYBRID_20260727T160302Z,HYBRID_POLICY_V1.0,healthcare_A4_r05_s1343,healthcare,A4,0.05,LOCAL_OUTLIER_FACTOR,5088,5088,5088,5088,0,0,0,1.0,1.0,1.0,0.0,0.0,0.0,1.0,0.5,
HYBRID_20260727T160302Z,HYBRID_POLICY_V1.0,healthcare_A4_r05_s1343,healthcare,A4,0.05,AI_CONSENSUS,5088,5088,5088,5088,0,0,0,1.0,1.0,1.0,0.0,0.0,0.0,1.0,0.5,
HYBRID_20260727T160302Z,HYBRID_POLICY_V1.0,healthcare_A4_r05_s1343,healthcare,A4,0.05,HYBRID_V1,5088,5088,2362,2362,0,0,2726,1.0,0.46422955974842767,0.6340939597315436,0.0,0.5357704402515723,0.0,0.46422955974842767,0.23211477987421383,
HYBRID_20260727T160302Z,HYBRID_POLICY_V1.0,healthcare_A4_r10_s1344,healthcare,A4,0.1,RULE_ONLY,10177,10177,0,0,0,0,10177,0.0,0.0,0.0,0.0,1.0,0.0,0.0,0.0,
HYBRID_20260727T160302Z,HYBRID_POLICY_V1.0,healthcare_A4_r10_s1344,healthcare,A4,0.1,ISOLATION_FOREST,10177,10177,193,193,0,0,9984,1.0,0.018964331335364057,0.03722275795564127,0.0,0.981035668664636,0.0,0.018964331335364057,0.009482165667682028,
HYBRID_20260727T160302Z,HYBRID_POLICY_V1.0,healthcare_A4_r10_s1344,healthcare,A4,0.1,LOCAL_OUTLIER_FACTOR,10177,10177,10177,10177,0,0,0,1.0,1.0,1.0,0.0,0.0,0.0,1.0,0.5,
HYBRID_20260727T160302Z,HYBRID_POLICY_V1.0,healthcare_A4_r10_s1344,healthcare,A4,0.1,AI_CONSENSUS,10177,10177,10177,10177,0,0,0,1.0,1.0,1.0,0.0,0.0,0.0,1.0,0.5,
HYBRID_20260727T160302Z,HYBRID_POLICY_V1.0,healthcare_A4_r10_s1344,healthcare,A4,0.1,HYBRID_V1,10177,10177,4689,4689,0,0,5488,1.0,0.4607448167436376,0.6308354634736983,0.0,0.5392551832563623,0.0,0.4607448167436376,0.2303724083718188,
HYBRID_20260727T160302Z,HYBRID_POLICY_V1.0,healthcare_A5_r01_s1442,healthcare,A5,0.01,RULE_ONLY,5000,1018,0,0,3982,0,1018,0.0,0.0,0.0,0.0,1.0,1.0,0.7964,0.5,0.2036
HYBRID_20260727T160302Z,HYBRID_POLICY_V1.0,healthcare_A5_r01_s1442,healthcare,A5,0.01,ISOLATION_FOREST,5000,1018,59,15,3938,44,1003,0.2542372881355932,0.014734774066797643,0.027855153203342618,0.011049723756906077,0.9852652259332023,0.988950276243094,0.7906,0.5018425251549458,0.23513747468071997
HYBRID_20260727T160302Z,HYBRID_POLICY_V1.0,healthcare_A5_r01_s1442,healthcare,A5,0.01,LOCAL_OUTLIER_FACTOR,5000,1018,31,22,3973,9,996,0.7096774193548387,0.021611001964636542,0.04194470924690181,0.0022601707684580612,0.9783889980353635,0.9977398292315419,0.799,0.5096754155980893,0.5839077531240092
HYBRID_20260727T160302Z,HYBRID_POLICY_V1.0,healthcare_A5_r01_s1442,healthcare,A5,0.01,AI_CONSENSUS,5000,1018,90,37,3929,53,981,0.4111111111111111,0.036345776031434185,0.06678700361010831,0.013309894525364139,0.9636542239685658,0.9866901054746359,0.7932,0.511517940753035,0.4449848181207206
HYBRID_20260727T160302Z,HYBRID_POLICY_V1.0,healthcare_A5_r01_s1442,healthcare,A5,0.01,HYBRID_V1,5000,1018,527,277,3732,250,741,0.5256166982922201,0.27210216110019647,0.3585760517799353,0.06278252134605726,0.7278978388998035,0.9372174786539428,0.8018,0.6046598198770696,0.43077626377831973
HYBRID_20260727T160302Z,HYBRID_POLICY_V1.0,healthcare_A5_r05_s1443,healthcare,A5,0.05,RULE_ONLY,5088,5088,0,0,0,0,5088,0.0,0.0,0.0,0.0,1.0,0.0,0.0,0.0,
HYBRID_20260727T160302Z,HYBRID_POLICY_V1.0,healthcare_A5_r05_s1443,healthcare,A5,0.05,ISOLATION_FOREST,5088,5088,90,90,0,0,4998,1.0,0.01768867924528302,0.03476245654692932,0.0,0.9823113207547169,0.0,0.01768867924528302,0.00884433962264151,
HYBRID_20260727T160302Z,HYBRID_POLICY_V1.0,healthcare_A5_r05_s1443,healthcare,A5,0.05,LOCAL_OUTLIER_FACTOR,5088,5088,132,132,0,0,4956,1.0,0.025943396226415096,0.05057471264367816,0.0,0.9740566037735849,0.0,0.025943396226415096,0.012971698113207548,
HYBRID_20260727T160302Z,HYBRID_POLICY_V1.0,healthcare_A5_r05_s1443,healthcare,A5,0.05,AI_CONSENSUS,5088,5088,219,219,0,0,4869,1.0,0.04304245283018868,0.08253250423968343,0.0,0.9569575471698113,0.0,0.04304245283018868,0.02152122641509434,
HYBRID_20260727T160302Z,HYBRID_POLICY_V1.0,healthcare_A5_r05_s1443,healthcare,A5,0.05,HYBRID_V1,5088,5088,531,531,0,0,4557,1.0,0.10436320754716981,0.18900160170848906,0.0,0.8956367924528302,0.0,0.10436320754716981,0.052181603773584904,
HYBRID_20260727T160302Z,HYBRID_POLICY_V1.0,healthcare_A5_r10_s1444,healthcare,A5,0.1,RULE_ONLY,10177,10177,0,0,0,0,10177,0.0,0.0,0.0,0.0,1.0,0.0,0.0,0.0,
HYBRID_20260727T160302Z,HYBRID_POLICY_V1.0,healthcare_A5_r10_s1444,healthcare,A5,0.1,ISOLATION_FOREST,10177,10177,180,180,0,0,9997,1.0,0.01768694114179031,0.03475910012551897,0.0,0.9823130588582097,0.0,0.01768694114179031,0.008843470570895155,
HYBRID_20260727T160302Z,HYBRID_POLICY_V1.0,healthcare_A5_r10_s1444,healthcare,A5,0.1,LOCAL_OUTLIER_FACTOR,10177,10177,283,283,0,0,9894,1.0,0.027807801906259214,0.054110898661567874,0.0,0.9721921980937408,0.0,0.027807801906259214,0.013903900953129607,
HYBRID_20260727T160302Z,HYBRID_POLICY_V1.0,healthcare_A5_r10_s1444,healthcare,A5,0.1,AI_CONSENSUS,10177,10177,456,456,0,0,9721,1.0,0.044806917559202124,0.08577071381548011,0.0,0.9551930824407979,0.0,0.044806917559202124,0.022403458779601062,
HYBRID_20260727T160302Z,HYBRID_POLICY_V1.0,healthcare_A5_r10_s1444,healthcare,A5,0.1,HYBRID_V1,10177,10177,1095,1095,0,0,9082,1.0,0.10759555861255773,0.19428672817601136,0.0,0.8924044413874422,0.0,0.10759555861255773,0.05379777930627887,
HYBRID_20260727T160302Z,HYBRID_POLICY_V1.0,healthcare_A6_r01_s1542,healthcare,A6,0.01,RULE_ONLY,5000,1018,0,0,3982,0,1018,0.0,0.0,0.0,0.0,1.0,1.0,0.7964,0.5,0.2036
HYBRID_20260727T160302Z,HYBRID_POLICY_V1.0,healthcare_A6_r01_s1542,healthcare,A6,0.01,ISOLATION_FOREST,5000,1018,62,18,3938,44,1000,0.2903225806451613,0.01768172888015717,0.03333333333333333,0.011049723756906077,0.9823182711198428,0.988950276243094,0.7912,0.5033160025616256,0.250771029958195
HYBRID_20260727T160302Z,HYBRID_POLICY_V1.0,healthcare_A6_r01_s1542,healthcare,A6,0.01,LOCAL_OUTLIER_FACTOR,5000,1018,971,958,3969,13,60,0.9866117404737385,0.9410609037328095,0.963298139768728,0.0032646911099949772,0.05893909626719057,0.9967353088900051,0.9854,0.9688981063114073,0.9916564970642509
HYBRID_20260727T160302Z,HYBRID_POLICY_V1.0,healthcare_A6_r01_s1542,healthcare,A6,0.01,AI_CONSENSUS,5000,1018,1017,960,3925,57,58,0.943952802359882,0.9430255402750491,0.9434889434889435,0.014314414866901055,0.05697445972495088,0.9856855851330989,0.977,0.9643555627040741,0.6746720474398246
HYBRID_20260727T160302Z,HYBRID_POLICY_V1.0,healthcare_A6_r01_s1542,healthcare,A6,0.01,HYBRID_V1,5000,1018,1099,943,3826,156,75,0.8580527752502275,0.9263261296660118,0.8908833254605574,0.03917629331993973,0.07367387033398821,0.9608237066800602,0.9538,0.943574918173036,0.9226145834456377
HYBRID_20260727T160302Z,HYBRID_POLICY_V1.0,healthcare_A6_r05_s1543,healthcare,A6,0.05,RULE_ONLY,5088,5088,0,0,0,0,5088,0.0,0.0,0.0,0.0,1.0,0.0,0.0,0.0,
HYBRID_20260727T160302Z,HYBRID_POLICY_V1.0,healthcare_A6_r05_s1543,healthcare,A6,0.05,ISOLATION_FOREST,5088,5088,117,117,0,0,4971,1.0,0.022995283018867923,0.044956772334293946,0.0,0.9770047169811321,0.0,0.022995283018867923,0.011497641509433961,
HYBRID_20260727T160302Z,HYBRID_POLICY_V1.0,healthcare_A6_r05_s1543,healthcare,A6,0.05,LOCAL_OUTLIER_FACTOR,5088,5088,4773,4773,0,0,315,1.0,0.9380896226415094,0.9680559780955278,0.0,0.061910377358490566,0.0,0.9380896226415094,0.4690448113207547,
HYBRID_20260727T160302Z,HYBRID_POLICY_V1.0,healthcare_A6_r05_s1543,healthcare,A6,0.05,AI_CONSENSUS,5088,5088,4784,4784,0,0,304,1.0,0.940251572327044,0.9692058346839546,0.0,0.059748427672955975,0.0,0.940251572327044,0.470125786163522,
HYBRID_20260727T160302Z,HYBRID_POLICY_V1.0,healthcare_A6_r05_s1543,healthcare,A6,0.05,HYBRID_V1,5088,5088,2335,2335,0,0,2753,1.0,0.4589229559748428,0.6291256904216624,0.0,0.5410770440251572,0.0,0.4589229559748428,0.2294614779874214,
HYBRID_20260727T160302Z,HYBRID_POLICY_V1.0,healthcare_A6_r10_s1544,healthcare,A6,0.1,RULE_ONLY,10177,10177,0,0,0,0,10177,0.0,0.0,0.0,0.0,1.0,0.0,0.0,0.0,
HYBRID_20260727T160302Z,HYBRID_POLICY_V1.0,healthcare_A6_r10_s1544,healthcare,A6,0.1,ISOLATION_FOREST,10177,10177,197,197,0,0,9980,1.0,0.019357374471848286,0.03797956429535377,0.0,0.9806426255281517,0.0,0.019357374471848286,0.009678687235924143,
HYBRID_20260727T160302Z,HYBRID_POLICY_V1.0,healthcare_A6_r10_s1544,healthcare,A6,0.1,LOCAL_OUTLIER_FACTOR,10177,10177,9524,9524,0,0,653,1.0,0.9358357079689495,0.9668544743921629,0.0,0.06416429203105041,0.0,0.9358357079689495,0.4679178539844748,
HYBRID_20260727T160302Z,HYBRID_POLICY_V1.0,healthcare_A6_r10_s1544,healthcare,A6,0.1,AI_CONSENSUS,10177,10177,9541,9541,0,0,636,1.0,0.9375061412990076,0.9677452074246881,0.0,0.06249385870099244,0.0,0.9375061412990076,0.4687530706495038,
HYBRID_20260727T160302Z,HYBRID_POLICY_V1.0,healthcare_A6_r10_s1544,healthcare,A6,0.1,HYBRID_V1,10177,10177,4586,4586,0,0,5591,1.0,0.4506239559791687,0.6212829370724108,0.0,0.5493760440208313,0.0,0.4506239559791687,0.22531197798958436,
HYBRID_20260727T160302Z,HYBRID_POLICY_V1.0,healthcare_A7_r01_s1642,healthcare,A7,0.01,RULE_ONLY,5000,1018,0,0,3982,0,1018,0.0,0.0,0.0,0.0,1.0,1.0,0.7964,0.5,0.2036
HYBRID_20260727T160302Z,HYBRID_POLICY_V1.0,healthcare_A7_r01_s1642,healthcare,A7,0.01,ISOLATION_FOREST,5000,1018,56,21,3947,35,997,0.375,0.0206286836935167,0.03910614525139665,0.008789552988448015,0.9793713163064833,0.991210447011552,0.7936,0.5059195653525344,0.26773578543096493
HYBRID_20260727T160302Z,HYBRID_POLICY_V1.0,healthcare_A7_r01_s1642,healthcare,A7,0.01,LOCAL_OUTLIER_FACTOR,5000,1018,77,66,3971,11,952,0.8571428571428571,0.06483300589390963,0.12054794520547946,0.0027624309392265192,0.9351669941060904,0.9972375690607734,0.8074,0.5310352874773415,0.6244746667572967
HYBRID_20260727T160302Z,HYBRID_POLICY_V1.0,healthcare_A7_r01_s1642,healthcare,A7,0.01,AI_CONSENSUS,5000,1018,132,86,3936,46,932,0.6515151515151515,0.08447937131630648,0.14956521739130435,0.011551983927674536,0.9155206286836935,0.9884480160723255,0.8044,0.536463693694316,0.49337141290880876
HYBRID_20260727T160302Z,HYBRID_POLICY_V1.0,healthcare_A7_r01_s1642,healthcare,A7,0.01,HYBRID_V1,5000,1018,537,306,3751,231,712,0.5698324022346368,0.3005893909626719,0.3935691318327974,0.058011049723756904,0.6994106090373281,0.9419889502762431,0.8114,0.6212891706194574,0.5019972456780865
HYBRID_20260727T160302Z,HYBRID_POLICY_V1.0,healthcare_A7_r05_s1643,healthcare,A7,0.05,RULE_ONLY,5088,5088,0,0,0,0,5088,0.0,0.0,0.0,0.0,1.0,0.0,0.0,0.0,
HYBRID_20260727T160302Z,HYBRID_POLICY_V1.0,healthcare_A7_r05_s1643,healthcare,A7,0.05,ISOLATION_FOREST,5088,5088,104,104,0,0,4984,1.0,0.020440251572327043,0.040061633281972264,0.0,0.9795597484276729,0.0,0.020440251572327043,0.010220125786163521,
HYBRID_20260727T160302Z,HYBRID_POLICY_V1.0,healthcare_A7_r05_s1643,healthcare,A7,0.05,LOCAL_OUTLIER_FACTOR,5088,5088,306,306,0,0,4782,1.0,0.060141509433962265,0.11345939933259176,0.0,0.9398584905660378,0.0,0.060141509433962265,0.030070754716981132,
HYBRID_20260727T160302Z,HYBRID_POLICY_V1.0,healthcare_A7_r05_s1643,healthcare,A7,0.05,AI_CONSENSUS,5088,5088,405,405,0,0,4683,1.0,0.07959905660377359,0.1474604041507373,0.0,0.9204009433962265,0.0,0.07959905660377359,0.039799528301886794,
HYBRID_20260727T160302Z,HYBRID_POLICY_V1.0,healthcare_A7_r05_s1643,healthcare,A7,0.05,HYBRID_V1,5088,5088,650,650,0,0,4438,1.0,0.12775157232704404,0.2265597769257581,0.0,0.872248427672956,0.0,0.12775157232704404,0.06387578616352202,
HYBRID_20260727T160302Z,HYBRID_POLICY_V1.0,healthcare_A7_r10_s1644,healthcare,A7,0.1,RULE_ONLY,10177,10177,0,0,0,0,10177,0.0,0.0,0.0,0.0,1.0,0.0,0.0,0.0,
HYBRID_20260727T160302Z,HYBRID_POLICY_V1.0,healthcare_A7_r10_s1644,healthcare,A7,0.1,ISOLATION_FOREST,10177,10177,241,241,0,0,9936,1.0,0.023680848973174805,0.04626607794202342,0.0,0.9763191510268252,0.0,0.023680848973174805,0.011840424486587403,
HYBRID_20260727T160302Z,HYBRID_POLICY_V1.0,healthcare_A7_r10_s1644,healthcare,A7,0.1,LOCAL_OUTLIER_FACTOR,10177,10177,615,615,0,0,9562,1.0,0.06043038223445023,0.11397331356560415,0.0,0.9395696177655498,0.0,0.06043038223445023,0.030215191117225114,
HYBRID_20260727T160302Z,HYBRID_POLICY_V1.0,healthcare_A7_r10_s1644,healthcare,A7,0.1,AI_CONSENSUS,10177,10177,844,844,0,0,9333,1.0,0.08293210179817236,0.15316214499591688,0.0,0.9170678982018277,0.0,0.08293210179817236,0.04146605089908618,
HYBRID_20260727T160302Z,HYBRID_POLICY_V1.0,healthcare_A7_r10_s1644,healthcare,A7,0.1,HYBRID_V1,10177,10177,1320,1320,0,0,8857,1.0,0.1297042350397956,0.22962511959641646,0.0,0.8702957649602043,0.0,0.1297042350397956,0.0648521175198978,
HYBRID_20260727T160302Z,HYBRID_POLICY_V1.0,retail_A1_r01_s2042,retail,A1,0.01,RULE_ONLY,6000,60,399,5,5546,394,55,0.012531328320802004,0.08333333333333333,0.02178649237472767,0.06632996632996634,0.9166666666666666,0.9336700336700336,0.9251666666666667,0.5085016835016835,0.0102109440267335
HYBRID_20260727T160302Z,HYBRID_POLICY_V1.0,retail_A1_r01_s2042,retail,A1,0.01,ISOLATION_FOREST,6000,60,368,4,5576,364,56,0.010869565217391304,0.06666666666666667,0.018691588785046728,0.06127946127946128,0.9333333333333333,0.9387205387205387,0.93,0.5026936026936027,0.012888907274228081
HYBRID_20260727T160302Z,HYBRID_POLICY_V1.0,retail_A1_r01_s2042,retail,A1,0.01,LOCAL_OUTLIER_FACTOR,6000,60,773,11,5178,762,49,0.014230271668822769,0.18333333333333332,0.026410564225690276,0.12828282828282828,0.8166666666666667,0.8717171717171717,0.8648333333333333,0.5275252525252525,0.016230653021454176
HYBRID_20260727T160302Z,HYBRID_POLICY_V1.0,retail_A1_r01_s2042,retail,A1,0.01,AI_CONSENSUS,6000,60,1033,13,4920,1020,47,0.012584704743465635,0.21666666666666667,0.023787740164684355,0.1717171717171717,0.7833333333333333,0.8282828282828283,0.8221666666666667,0.5224747474747475,0.014644611643820492
HYBRID_20260727T160302Z,HYBRID_POLICY_V1.0,retail_A1_r01_s2042,retail,A1,0.01,HYBRID_V1,6000,60,1548,18,4410,1530,42,0.011627906976744186,0.3,0.022388059701492536,0.25757575757575757,0.7,0.7424242424242424,0.738,0.5212121212121212,0.01302114325912633
HYBRID_20260727T160302Z,HYBRID_POLICY_V1.0,retail_A1_r05_s2043,retail,A1,0.05,RULE_ONLY,6000,300,405,17,5312,388,283,0.04197530864197531,0.056666666666666664,0.04822695035460993,0.06807017543859649,0.9433333333333334,0.9319298245614035,0.8881666666666667,0.49429824561403507,0.049545267489711935
HYBRID_20260727T160302Z,HYBRID_POLICY_V1.0,retail_A1_r05_s2043,retail,A1,0.05,ISOLATION_FOREST,6000,300,384,20,5336,364,280,0.052083333333333336,0.06666666666666667,0.05847953216374269,0.06385964912280702,0.9333333333333333,0.9361403508771929,0.8926666666666667,0.5014035087719299,0.05202588271789242
HYBRID_20260727T160302Z,HYBRID_POLICY_V1.0,retail_A1_r05_s2043,retail,A1,0.05,LOCAL_OUTLIER_FACTOR,6000,300,801,42,4941,759,258,0.052434456928838954,0.14,0.07629427792915532,0.13315789473684211,0.86,0.8668421052631579,0.8305,0.503421052631579,0.051251487656747245
HYBRID_20260727T160302Z,HYBRID_POLICY_V1.0,retail_A1_r05_s2043,retail,A1,0.05,AI_CONSENSUS,6000,300,1061,56,4695,1005,244,0.0527803958529689,0.18666666666666668,0.08229243203526819,0.1763157894736842,0.8133333333333334,0.8236842105263158,0.7918333333333333,0.5051754385964913,0.05241672415763843
HYBRID_20260727T160302Z,HYBRID_POLICY_V1.0,retail_A1_r05_s2043,retail,A1,0.05,HYBRID_V1,6000,300,1564,73,4209,1491,227,0.046675191815856776,0.24333333333333335,0.07832618025751073,0.2615789473684211,0.7566666666666667,0.738421052631579,0.7136666666666667,0.49087719298245613,0.05132387302250754
HYBRID_20260727T160302Z,HYBRID_POLICY_V1.0,retail_A1_r10_s2044,retail,A1,0.1,RULE_ONLY,6000,600,419,43,5024,376,557,0.1026252983293556,0.07166666666666667,0.08439646712463199,0.06962962962962962,0.9283333333333333,0.9303703703703704,0.8445,0.5010185185185185,0.10018814638027049
HYBRID_20260727T160302Z,HYBRID_POLICY_V1.0,retail_A1_r10_s2044,retail,A1,0.1,ISOLATION_FOREST,6000,600,344,34,5090,310,566,0.09883720930232558,0.056666666666666664,0.07203389830508475,0.05740740740740741,0.9433333333333334,0.9425925925925925,0.854,0.4996296296296296,0.09676107149857101
HYBRID_20260727T160302Z,HYBRID_POLICY_V1.0,retail_A1_r10_s2044,retail,A1,0.1,LOCAL_OUTLIER_FACTOR,6000,600,793,83,4690,710,517,0.10466582597730138,0.13833333333333334,0.1191672648959081,0.13148148148148148,0.8616666666666667,0.8685185185185185,0.7955,0.5034259259259259,0.10248308725438691
HYBRID_20260727T160302Z,HYBRID_POLICY_V1.0,retail_A1_r10_s2044,retail,A1,0.1,AI_CONSENSUS,6000,600,1019,109,4490,910,491,0.1069676153091266,0.18166666666666667,0.13465101914762198,0.1685185185185185,0.8183333333333334,0.8314814814814815,0.7665,0.5065740740740741,0.09971221311271325
HYBRID_20260727T160302Z,HYBRID_POLICY_V1.0,retail_A1_r10_s2044,retail,A1,0.1,HYBRID_V1,6000,600,1549,160,4011,1389,440,0.10329244673983215,0.26666666666666666,0.14890646812470917,0.25722222222222224,0.7333333333333333,0.7427777777777778,0.6951666666666667,0.5047222222222222,0.1009441881305935
HYBRID_20260727T160302Z,HYBRID_POLICY_V1.0,retail_A2_r01_s2142,retail,A2,0.01,RULE_ONLY,6000,59,398,0,5543,398,59,0.0,0.0,0.0,0.06699208887392695,1.0,0.9330079111260731,0.9238333333333333,0.46650395556303653,0.009833333333333333
HYBRID_20260727T160302Z,HYBRID_POLICY_V1.0,retail_A2_r01_s2142,retail,A2,0.01,ISOLATION_FOREST,6000,59,380,3,5564,377,56,0.007894736842105263,0.05084745762711865,0.01366742596810934,0.06345733041575492,0.9491525423728814,0.936542669584245,0.9278333333333333,0.4936950636056818,0.010023415003185598
HYBRID_20260727T160302Z,HYBRID_POLICY_V1.0,retail_A2_r01_s2142,retail,A2,0.01,LOCAL_OUTLIER_FACTOR,6000,59,750,5,5196,745,54,0.006666666666666667,0.0847457627118644,0.012360939431396786,0.12539976434943612,0.9152542372881356,0.8746002356505639,0.8668333333333333,0.47967299918121414,0.010203612391741057
HYBRID_20260727T160302Z,HYBRID_POLICY_V1.0,retail_A2_r01_s2142,retail,A2,0.01,AI_CONSENSUS,6000,59,1002,8,4947,994,51,0.007984031936127744,0.13559322033898305,0.015080113100848256,0.16731190035347585,0.864406779661017,0.8326880996465241,0.8258333333333333,0.4841406599927536,0.00960562816061659
HYBRID_20260727T160302Z,HYBRID_POLICY_V1.0,retail_A2_r01_s2142,retail,A2,0.01,HYBRID_V1,6000,59,1539,9,4411,1530,50,0.005847953216374269,0.15254237288135594,0.011264080100125156,0.25753240195253324,0.847457627118644,0.7424675980474668,0.7366666666666667,0.44750498546441136,0.010479785766041505
HYBRID_20260727T160302Z,HYBRID_POLICY_V1.0,retail_A2_r05_s2143,retail,A2,0.05,RULE_ONLY,6000,286,381,0,5333,381,286,0.0,0.0,0.0,0.06667833391669584,1.0,0.9333216660833041,0.8888333333333334,0.46666083304165207,0.04766666666666667
HYBRID_20260727T160302Z,HYBRID_POLICY_V1.0,retail_A2_r05_s2143,retail,A2,0.05,ISOLATION_FOREST,6000,286,386,23,5351,363,263,0.05958549222797927,0.08041958041958042,0.06845238095238096,0.06352817640882044,0.9195804195804196,0.9364718235911795,0.8956666666666667,0.50844570200538,0.05427814693842593
HYBRID_20260727T160302Z,HYBRID_POLICY_V1.0,retail_A2_r05_s2143,retail,A2,0.05,LOCAL_OUTLIER_FACTOR,6000,286,747,31,4998,716,255,0.041499330655957165,0.10839160839160839,0.060019361084220714,0.12530626531326566,0.8916083916083916,0.8746937346867344,0.8381666666666666,0.4915426715391714,0.045752298507768394
HYBRID_20260727T160302Z,HYBRID_POLICY_V1.0,retail_A2_r05_s2143,retail,A2,0.05,AI_CONSENSUS,6000,286,1005,50,4759,955,236,0.04975124378109453,0.17482517482517482,0.07745933384972889,0.16713335666783338,0.8251748251748252,0.8328666433321666,0.8015,0.5038459090786708,0.048775727935280955
HYBRID_20260727T160302Z,HYBRID_POLICY_V1.0,retail_A2_r05_s2143,retail,A2,0.05,HYBRID_V1,6000,286,1524,58,4248,1466,228,0.03805774278215223,0.20279720279720279,0.06408839779005525,0.2565628281414071,0.7972027972027972,0.7434371718585929,0.7176666666666667,0.47311718732789787,0.05545495141693245
HYBRID_20260727T160302Z,HYBRID_POLICY_V1.0,retail_A2_r10_s2144,retail,A2,0.1,RULE_ONLY,6000,545,368,0,5087,368,545,0.0,0.0,0.0,0.06746104491292393,1.0,0.9325389550870761,0.8478333333333333,0.46626947754353804,0.09083333333333334
HYBRID_20260727T160302Z,HYBRID_POLICY_V1.0,retail_A2_r10_s2144,retail,A2,0.1,ISOLATION_FOREST,6000,545,377,30,5108,347,515,0.07957559681697612,0.05504587155963303,0.0650759219088937,0.06361136571952337,0.944954128440367,0.9363886342804766,0.8563333333333333,0.4957172529200548,0.08689609827257273
HYBRID_20260727T160302Z,HYBRID_POLICY_V1.0,retail_A2_r10_s2144,retail,A2,0.1,LOCAL_OUTLIER_FACTOR,6000,545,737,66,4784,671,479,0.08955223880597014,0.12110091743119267,0.1029641185647426,0.123006416131989,0.8788990825688073,0.876993583868011,0.8083333333333333,0.4990472506496018,0.09123442813898516
HYBRID_20260727T160302Z,HYBRID_POLICY_V1.0,retail_A2_r10_s2144,retail,A2,0.1,AI_CONSENSUS,6000,545,992,90,4553,902,455,0.0907258064516129,0.1651376146788991,0.11711125569290826,0.16535288725939504,0.8348623853211009,0.834647112740605,0.7738333333333334,0.49989236370975204,0.0871038534391543
HYBRID_20260727T160302Z,HYBRID_POLICY_V1.0,retail_A2_r10_s2144,retail,A2,0.1,HYBRID_V1,6000,545,1513,110,4052,1403,435,0.07270323859881031,0.2018348623853211,0.10689990281827016,0.25719523373052244,0.7981651376146789,0.7428047662694776,0.6936666666666667,0.47231981432739933,0.09638791371144098
HYBRID_20260727T160302Z,HYBRID_POLICY_V1.0,retail_A3_r01_s2242,retail,A3,0.01,RULE_ONLY,6000,60,417,4,5527,413,56,0.009592326139088728,0.06666666666666667,0.016771488469601678,0.06952861952861952,0.9333333333333333,0.9304713804713804,0.9218333333333333,0.49856902356902355,0.009972821742605916
HYBRID_20260727T160302Z,HYBRID_POLICY_V1.0,retail_A3_r01_s2242,retail,A3,0.01,ISOLATION_FOREST,6000,60,373,2,5569,371,58,0.005361930294906166,0.03333333333333333,0.009237875288683603,0.062457912457912455,0.9666666666666667,0.9375420875420876,0.9285,0.48543771043771045,0.02014052078566764
HYBRID_20260727T160302Z,HYBRID_POLICY_V1.0,retail_A3_r01_s2242,retail,A3,0.01,LOCAL_OUTLIER_FACTOR,6000,60,762,60,5238,702,0,0.07874015748031496,1.0,0.145985401459854,0.11818181818181818,0.0,0.8818181818181818,0.883,0.9409090909090909,0.06733183006712803
HYBRID_20260727T160302Z,HYBRID_POLICY_V1.0,retail_A3_r01_s2242,retail,A3,0.01,AI_CONSENSUS,6000,60,1025,60,4975,965,0,0.05853658536585366,1.0,0.11059907834101383,0.16245791245791247,0.0,0.8375420875420876,0.8391666666666666,0.9187710437710438,0.042901486694045726
HYBRID_20260727T160302Z,HYBRID_POLICY_V1.0,retail_A3_r01_s2242,retail,A3,0.01,HYBRID_V1,6000,60,1566,60,4434,1506,0,0.038314176245210725,1.0,0.07380073800738007,0.25353535353535356,0.0,0.7464646464646465,0.749,0.8732323232323232,0.054330941938222216
HYBRID_20260727T160302Z,HYBRID_POLICY_V1.0,retail_A3_r05_s2243,retail,A3,0.05,RULE_ONLY,6000,300,395,20,5325,375,280,0.05063291139240506,0.06666666666666667,0.05755395683453238,0.06578947368421052,0.9333333333333333,0.9342105263157895,0.8908333333333334,0.5004385964912281,0.05004219409282701
HYBRID_20260727T160302Z,HYBRID_POLICY_V1.0,retail_A3_r05_s2243,retail,A3,0.05,ISOLATION_FOREST,6000,300,362,18,5356,344,282,0.049723756906077346,0.06,0.054380664652567974,0.060350877192982454,0.94,0.9396491228070175,0.8956666666666667,0.4998245614035087,0.09685330564832859
HYBRID_20260727T160302Z,HYBRID_POLICY_V1.0,retail_A3_r05_s2243,retail,A3,0.05,LOCAL_OUTLIER_FACTOR,6000,300,1052,300,4948,752,0,0.28517110266159695,1.0,0.4437869822485207,0.1319298245614035,0.0,0.8680701754385964,0.8746666666666667,0.9340350877192982,0.24159352646094628
HYBRID_20260727T160302Z,HYBRID_POLICY_V1.0,retail_A3_r05_s2243,retail,A3,0.05,AI_CONSENSUS,6000,300,1279,300,4721,979,0,0.23455824863174354,1.0,0.3799873337555415,0.17175438596491227,0.0,0.8282456140350877,0.8368333333333333,0.9141228070175438,0.18069619979176788
HYBRID_20260727T160302Z,HYBRID_POLICY_V1.0,retail_A3_r05_s2243,retail,A3,0.05,HYBRID_V1,6000,300,1724,300,4276,1424,0,0.1740139211136891,1.0,0.2964426877470356,0.24982456140350878,0.0,0.7501754385964913,0.7626666666666667,0.8750877192982456,0.21681024867892065
HYBRID_20260727T160302Z,HYBRID_POLICY_V1.0,retail_A3_r10_s2244,retail,A3,0.1,RULE_ONLY,6000,600,417,39,5022,378,561,0.09352517985611511,0.065,0.07669616519174041,0.07,0.935,0.93,0.8435,0.49750000000000005,0.0995791366906475
HYBRID_20260727T160302Z,HYBRID_POLICY_V1.0,retail_A3_r10_s2244,retail,A3,0.1,ISOLATION_FOREST,6000,600,361,29,5068,332,571,0.08033240997229917,0.04833333333333333,0.060353798126951096,0.061481481481481484,0.9516666666666667,0.9385185185185185,0.8495,0.49342592592592593,0.1782773102486908
HYBRID_20260727T160302Z,HYBRID_POLICY_V1.0,retail_A3_r10_s2244,retail,A3,0.1,LOCAL_OUTLIER_FACTOR,6000,600,1316,600,4684,716,0,0.45592705167173253,1.0,0.6263048016701461,0.1325925925925926,0.0,0.8674074074074074,0.8806666666666667,0.9337037037037037,0.3942877140598
HYBRID_20260727T160302Z,HYBRID_POLICY_V1.0,retail_A3_r10_s2244,retail,A3,0.1,AI_CONSENSUS,6000,600,1543,600,4457,943,0,0.38885288399222295,1.0,0.5599626691553896,0.17462962962962963,0.0,0.8253703703703704,0.8428333333333333,0.9126851851851852,0.3104571853240033
HYBRID_20260727T160302Z,HYBRID_POLICY_V1.0,retail_A3_r10_s2244,retail,A3,0.1,HYBRID_V1,6000,600,1933,600,4067,1333,0,0.3103983445421624,1.0,0.47374654559810503,0.24685185185185185,0.0,0.7531481481481481,0.7778333333333334,0.8765740740740741,0.3580153769982909
HYBRID_20260727T160302Z,HYBRID_POLICY_V1.0,retail_A4_r01_s2342,retail,A4,0.01,RULE_ONLY,6000,60,402,4,5542,398,56,0.009950248756218905,0.06666666666666667,0.017316017316017316,0.06700336700336701,0.9333333333333333,0.932996632996633,0.9243333333333333,0.49983164983164985,0.013997512437810947
HYBRID_20260727T160302Z,HYBRID_POLICY_V1.0,retail_A4_r01_s2342,retail,A4,0.01,ISOLATION_FOREST,6000,60,426,60,5574,366,0,0.14084507042253522,1.0,0.24691358024691357,0.06161616161616162,0.0,0.9383838383838384,0.939,0.9691919191919192,0.25555194898370137
HYBRID_20260727T160302Z,HYBRID_POLICY_V1.0,retail_A4_r01_s2342,retail,A4,0.01,LOCAL_OUTLIER_FACTOR,6000,60,823,60,5177,763,0,0.07290400972053462,1.0,0.13590033975084936,0.12845117845117845,0.0,0.8715488215488215,0.8728333333333333,0.9357744107744108,0.04823534550206001
HYBRID_20260727T160302Z,HYBRID_POLICY_V1.0,retail_A4_r01_s2342,retail,A4,0.01,AI_CONSENSUS,6000,60,1079,60,4921,1019,0,0.05560704355885079,1.0,0.10535557506584724,0.17154882154882156,0.0,0.8284511784511784,0.8301666666666667,0.9142255892255893,0.1940485024200623
HYBRID_20260727T160302Z,HYBRID_POLICY_V1.0,retail_A4_r01_s2342,retail,A4,0.01,HYBRID_V1,6000,60,1591,60,4409,1531,0,0.03771213073538655,1.0,0.0726832222895215,0.2577441077441077,0.0,0.7422558922558923,0.7448333333333333,0.8711279461279462,0.328692010902094
HYBRID_20260727T160302Z,HYBRID_POLICY_V1.0,retail_A4_r05_s2343,retail,A4,0.05,RULE_ONLY,6000,300,383,23,5340,360,277,0.06005221932114883,0.07666666666666666,0.06734992679355783,0.06315789473684211,0.9233333333333333,0.9368421052631579,0.8938333333333334,0.5067543859649123,0.05077067014795474
HYBRID_20260727T160302Z,HYBRID_POLICY_V1.0,retail_A4_r05_s2343,retail,A4,0.05,ISOLATION_FOREST,6000,300,662,300,5338,362,0,0.45317220543806647,1.0,0.6237006237006237,0.06350877192982456,0.0,0.9364912280701755,0.9396666666666667,0.9682456140350877,0.5546336322506915
HYBRID_20260727T160302Z,HYBRID_POLICY_V1.0,retail_A4_r05_s2343,retail,A4,0.05,LOCAL_OUTLIER_FACTOR,6000,300,1057,300,4943,757,0,0.28382213812677387,1.0,0.4421518054532056,0.13280701754385965,0.0,0.8671929824561404,0.8738333333333334,0.9335964912280702,0.19146695658253973
HYBRID_20260727T160302Z,HYBRID_POLICY_V1.0,retail_A4_r05_s2343,retail,A4,0.05,AI_CONSENSUS,6000,300,1308,300,4692,1008,0,0.22935779816513763,1.0,0.373134328358209,0.17684210526315788,0.0,0.8231578947368421,0.832,0.911578947368421,0.5250856041464973
HYBRID_20260727T160302Z,HYBRID_POLICY_V1.0,retail_A4_r05_s2343,retail,A4,0.05,HYBRID_V1,6000,300,1647,300,4353,1347,0,0.18214936247723132,1.0,0.3081664098613251,0.2363157894736842,0.0,0.7636842105263157,0.7755,0.8818421052631579,0.6889230969273659
HYBRID_20260727T160302Z,HYBRID_POLICY_V1.0,retail_A4_r10_s2344,retail,A4,0.1,RULE_ONLY,6000,600,416,42,5026,374,558,0.10096153846153846,0.07,0.08267716535433071,0.06925925925925926,0.93,0.9307407407407408,0.8446666666666667,0.5003703703703704,0.10006730769230769
HYBRID_20260727T160302Z,HYBRID_POLICY_V1.0,retail_A4_r10_s2344,retail,A4,0.1,ISOLATION_FOREST,6000,600,942,600,5058,342,0,0.6369426751592356,1.0,0.7782101167315175,0.06333333333333334,0.0,0.9366666666666666,0.943,0.9683333333333333,0.7198316262345988
HYBRID_20260727T160302Z,HYBRID_POLICY_V1.0,retail_A4_r10_s2344,retail,A4,0.1,LOCAL_OUTLIER_FACTOR,6000,600,1296,600,4704,696,0,0.46296296296296297,1.0,0.6329113924050633,0.1288888888888889,0.0,0.8711111111111111,0.884,0.9355555555555555,0.32302899170610455
HYBRID_20260727T160302Z,HYBRID_POLICY_V1.0,retail_A4_r10_s2344,retail,A4,0.1,AI_CONSENSUS,6000,600,1532,600,4468,932,0,0.391644908616188,1.0,0.5628517823639775,0.1725925925925926,0.0,0.8274074074074074,0.8446666666666667,0.9137037037037037,0.6851525834111738
HYBRID_20260727T160302Z,HYBRID_POLICY_V1.0,retail_A4_r10_s2344,retail,A4,0.1,HYBRID_V1,6000,600,1816,600,4184,1216,0,0.3303964757709251,1.0,0.4966887417218543,0.22518518518518518,0.0,0.7748148148148148,0.7973333333333333,0.8874074074074074,0.7978888250656494
HYBRID_20260727T160302Z,HYBRID_POLICY_V1.0,retail_A5_r01_s2442,retail,A5,0.01,RULE_ONLY,6000,60,410,4,5534,406,56,0.00975609756097561,0.06666666666666667,0.01702127659574468,0.06835016835016836,0.9333333333333333,0.9316498316498316,0.923,0.49915824915824913,0.009983739837398375
HYBRID_20260727T160302Z,HYBRID_POLICY_V1.0,retail_A5_r01_s2442,retail,A5,0.01,ISOLATION_FOREST,6000,60,443,60,5557,383,0,0.13544018058690746,1.0,0.23856858846918488,0.06447811447811448,0.0,0.9355218855218855,0.9361666666666667,0.9677609427609428,0.1740300877800878
HYBRID_20260727T160302Z,HYBRID_POLICY_V1.0,retail_A5_r01_s2442,retail,A5,0.01,LOCAL_OUTLIER_FACTOR,6000,60,788,0,5152,788,60,0.0,0.0,0.0,0.13265993265993267,1.0,0.8673400673400673,0.8586666666666667,0.43367003367003365,0.049524678596818576
HYBRID_20260727T160302Z,HYBRID_POLICY_V1.0,retail_A5_r01_s2442,retail,A5,0.01,AI_CONSENSUS,6000,60,1095,60,4905,1035,0,0.0547945205479452,1.0,0.1038961038961039,0.17424242424242425,0.0,0.8257575757575758,0.8275,0.9128787878787878,0.11091093774971252
HYBRID_20260727T160302Z,HYBRID_POLICY_V1.0,retail_A5_r01_s2442,retail,A5,0.01,HYBRID_V1,6000,60,1588,60,4412,1528,0,0.037783375314861464,1.0,0.07281553398058252,0.2572390572390572,0.0,0.7427609427609427,0.7453333333333333,0.8713804713804714,0.10358994870507503
HYBRID_20260727T160302Z,HYBRID_POLICY_V1.0,retail_A5_r05_s2443,retail,A5,0.05,RULE_ONLY,6000,300,378,20,5342,358,280,0.05291005291005291,0.06666666666666667,0.058997050147492625,0.06280701754385964,0.9333333333333333,0.9371929824561404,0.8936666666666667,0.5019298245614036,0.05019400352733686
HYBRID_20260727T160302Z,HYBRID_POLICY_V1.0,retail_A5_r05_s2443,retail,A5,0.05,ISOLATION_FOREST,6000,300,685,300,5315,385,0,0.43795620437956206,1.0,0.6091370558375635,0.06754385964912281,0.0,0.9324561403508772,0.9358333333333333,0.9662280701754387,0.5211356329899539
HYBRID_20260727T160302Z,HYBRID_POLICY_V1.0,retail_A5_r05_s2443,retail,A5,0.05,LOCAL_OUTLIER_FACTOR,6000,300,783,0,4917,783,300,0.0,0.0,0.0,0.13736842105263158,1.0,0.8626315789473684,0.8195,0.4313157894736842,0.19865896326882582
HYBRID_20260727T160302Z,HYBRID_POLICY_V1.0,retail_A5_r05_s2443,retail,A5,0.05,AI_CONSENSUS,6000,300,1334,300,4666,1034,0,0.22488755622188905,1.0,0.3671970624235006,0.18140350877192982,0.0,0.8185964912280702,0.8276666666666667,0.909298245614035,0.36491324459090274
HYBRID_20260727T160302Z,HYBRID_POLICY_V1.0,retail_A5_r05_s2443,retail,A5,0.05,HYBRID_V1,6000,300,1733,300,4267,1433,0,0.17311021350259664,1.0,0.2951303492375799,0.25140350877192985,0.0,0.7485964912280701,0.7611666666666667,0.8742982456140351,0.34327731100165754
HYBRID_20260727T160302Z,HYBRID_POLICY_V1.0,retail_A5_r10_s2444,retail,A5,0.1,RULE_ONLY,6000,600,424,62,5038,362,538,0.14622641509433962,0.10333333333333333,0.12109375,0.06703703703703703,0.8966666666666666,0.932962962962963,0.85,0.5181481481481481,0.10477672955974843
HYBRID_20260727T160302Z,HYBRID_POLICY_V1.0,retail_A5_r10_s2444,retail,A5,0.1,ISOLATION_FOREST,6000,600,942,600,5058,342,0,0.6369426751592356,1.0,0.7782101167315175,0.06333333333333334,0.0,0.9366666666666666,0.943,0.9683333333333333,0.6780339270479459
HYBRID_20260727T160302Z,HYBRID_POLICY_V1.0,retail_A5_r10_s2444,retail,A5,0.1,LOCAL_OUTLIER_FACTOR,6000,600,693,0,4707,693,600,0.0,0.0,0.0,0.12833333333333333,1.0,0.8716666666666667,0.7845,0.43583333333333335,0.3538767501430104
HYBRID_20260727T160302Z,HYBRID_POLICY_V1.0,retail_A5_r10_s2444,retail,A5,0.1,AI_CONSENSUS,6000,600,1519,600,4481,919,0,0.39499670836076367,1.0,0.5663048607833884,0.1701851851851852,0.0,0.8298148148148148,0.8468333333333333,0.9149074074074074,0.5361160121157963
HYBRID_20260727T160302Z,HYBRID_POLICY_V1.0,retail_A5_r10_s2444,retail,A5,0.1,HYBRID_V1,6000,600,1906,600,4094,1306,0,0.3147953830010493,1.0,0.4788507581803671,0.24185185185185185,0.0,0.7581481481481481,0.7823333333333333,0.8790740740740741,0.517076152885523
HYBRID_20260727T160302Z,HYBRID_POLICY_V1.0,retail_A6_r01_s2542,retail,A6,0.01,RULE_ONLY,6000,60,407,3,5536,404,57,0.007371007371007371,0.05,0.01284796573875803,0.06801346801346801,0.95,0.931986531986532,0.9231666666666667,0.49099326599326604,0.009868550368550368
HYBRID_20260727T160302Z,HYBRID_POLICY_V1.0,retail_A6_r01_s2542,retail,A6,0.01,ISOLATION_FOREST,6000,60,348,10,5602,338,50,0.028735632183908046,0.16666666666666666,0.049019607843137254,0.056902356902356906,0.8333333333333334,0.9430976430976431,0.9353333333333333,0.5548821548821549,0.057926528126536224
HYBRID_20260727T160302Z,HYBRID_POLICY_V1.0,retail_A6_r01_s2542,retail,A6,0.01,LOCAL_OUTLIER_FACTOR,6000,60,803,53,5190,750,7,0.0660024906600249,0.8833333333333333,0.12282734646581692,0.12626262626262627,0.11666666666666667,0.8737373737373737,0.8738333333333334,0.8785353535353535,0.042820231809145126
HYBRID_20260727T160302Z,HYBRID_POLICY_V1.0,retail_A6_r01_s2542,retail,A6,0.01,AI_CONSENSUS,6000,60,1019,54,4975,965,6,0.05299313052011776,0.9,0.10009267840593142,0.16245791245791247,0.1,0.8375420875420876,0.8381666666666666,0.8687710437710439,0.08374555154711451
HYBRID_20260727T160302Z,HYBRID_POLICY_V1.0,retail_A6_r01_s2542,retail,A6,0.01,HYBRID_V1,6000,60,1561,59,4438,1502,1,0.03779628443305574,0.9833333333333333,0.07279457125231338,0.25286195286195284,0.016666666666666666,0.7471380471380471,0.7495,0.8652356902356901,0.07409579642771608
HYBRID_20260727T160302Z,HYBRID_POLICY_V1.0,retail_A6_r05_s2543,retail,A6,0.05,RULE_ONLY,6000,300,384,23,5339,361,277,0.059895833333333336,0.07666666666666666,0.06725146198830409,0.06333333333333334,0.9233333333333333,0.9366666666666666,0.8936666666666667,0.5066666666666666,0.05075868055555556
HYBRID_20260727T160302Z,HYBRID_POLICY_V1.0,retail_A6_r05_s2543,retail,A6,0.05,ISOLATION_FOREST,6000,300,405,41,5336,364,259,0.10123456790123457,0.13666666666666666,0.11631205673758865,0.06385964912280702,0.8633333333333333,0.9361403508771929,0.8961666666666667,0.5364035087719298,0.24714513082577613
HYBRID_20260727T160302Z,HYBRID_POLICY_V1.0,retail_A6_r05_s2543,retail,A6,0.05,LOCAL_OUTLIER_FACTOR,6000,300,1041,263,4922,778,37,0.2526416906820365,0.8766666666666667,0.39224459358687547,0.13649122807017544,0.12333333333333334,0.8635087719298246,0.8641666666666666,0.8700877192982457,0.1696403355862943
HYBRID_20260727T160302Z,HYBRID_POLICY_V1.0,retail_A6_r05_s2543,retail,A6,0.05,AI_CONSENSUS,6000,300,1282,267,4685,1015,33,0.20826833073322934,0.89,0.33754740834386854,0.1780701754385965,0.11,0.8219298245614035,0.8253333333333334,0.8559649122807018,0.2802964822458548
HYBRID_20260727T160302Z,HYBRID_POLICY_V1.0,retail_A6_r05_s2543,retail,A6,0.05,HYBRID_V1,6000,300,1707,295,4288,1412,5,0.17281780902167546,0.9833333333333333,0.293971101145989,0.24771929824561403,0.016666666666666666,0.752280701754386,0.7638333333333334,0.8678070175438597,0.25977567800168344
HYBRID_20260727T160302Z,HYBRID_POLICY_V1.0,retail_A6_r10_s2544,retail,A6,0.1,RULE_ONLY,6000,600,424,41,5017,383,559,0.09669811320754718,0.06833333333333333,0.080078125,0.07092592592592592,0.9316666666666666,0.929074074074074,0.843,0.4987037037037037,0.0997743710691824
HYBRID_20260727T160302Z,HYBRID_POLICY_V1.0,retail_A6_r10_s2544,retail,A6,0.1,ISOLATION_FOREST,6000,600,400,70,5070,330,530,0.175,0.11666666666666667,0.14,0.06111111111111111,0.8833333333333333,0.9388888888888889,0.8566666666666667,0.5277777777777778,0.39106228616754
HYBRID_20260727T160302Z,HYBRID_POLICY_V1.0,retail_A6_r10_s2544,retail,A6,0.1,LOCAL_OUTLIER_FACTOR,6000,600,1227,533,4706,694,67,0.4343928280358598,0.8883333333333333,0.5834701696770662,0.12851851851851853,0.11166666666666666,0.8714814814814815,0.8731666666666666,0.8799074074074074,0.3147828313908652
HYBRID_20260727T160302Z,HYBRID_POLICY_V1.0,retail_A6_r10_s2544,retail,A6,0.1,AI_CONSENSUS,6000,600,1445,544,4499,901,56,0.3764705882352941,0.9066666666666666,0.5320293398533007,0.16685185185185186,0.09333333333333334,0.8331481481481482,0.8405,0.8699074074074074,0.46495723621071305
HYBRID_20260727T160302Z,HYBRID_POLICY_V1.0,retail_A6_r10_s2544,retail,A6,0.1,HYBRID_V1,6000,600,1857,584,4127,1273,16,0.31448572967151317,0.9733333333333334,0.47537647537647537,0.23574074074074075,0.02666666666666667,0.7642592592592593,0.7851666666666667,0.8687962962962963,0.42271892569167413
HYBRID_20260727T160302Z,HYBRID_POLICY_V1.0,retail_A7_r01_s2642,retail,A7,0.01,RULE_ONLY,6000,60,393,3,5550,390,57,0.007633587786259542,0.05,0.013245033112582781,0.06565656565656566,0.95,0.9343434343434344,0.9255,0.4921717171717172,0.009881679389312977
HYBRID_20260727T160302Z,HYBRID_POLICY_V1.0,retail_A7_r01_s2642,retail,A7,0.01,ISOLATION_FOREST,6000,60,408,5,5537,403,55,0.012254901960784314,0.08333333333333333,0.021367521367521368,0.06784511784511785,0.9166666666666666,0.9321548821548822,0.9236666666666666,0.5077441077441077,0.02264714359337809
HYBRID_20260727T160302Z,HYBRID_POLICY_V1.0,retail_A7_r01_s2642,retail,A7,0.01,LOCAL_OUTLIER_FACTOR,6000,60,759,19,5200,740,41,0.025032938076416336,0.31666666666666665,0.0463980463980464,0.12457912457912458,0.6833333333333333,0.8754208754208754,0.8698333333333333,0.596043771043771,0.027772478079834954
HYBRID_20260727T160302Z,HYBRID_POLICY_V1.0,retail_A7_r01_s2642,retail,A7,0.01,AI_CONSENSUS,6000,60,1031,20,4929,1011,40,0.019398642095053348,0.3333333333333333,0.03666361136571952,0.17020202020202022,0.6666666666666666,0.8297979797979798,0.8248333333333333,0.5815656565656565,0.03529368131715168
HYBRID_20260727T160302Z,HYBRID_POLICY_V1.0,retail_A7_r01_s2642,retail,A7,0.01,HYBRID_V1,6000,60,1538,34,4436,1504,26,0.022106631989596878,0.5666666666666667,0.0425531914893617,0.2531986531986532,0.43333333333333335,0.7468013468013468,0.745,0.6567340067340067,0.028437694741808087
HYBRID_20260727T160302Z,HYBRID_POLICY_V1.0,retail_A7_r05_s2643,retail,A7,0.05,RULE_ONLY,6000,300,377,17,5340,360,283,0.04509283819628647,0.056666666666666664,0.050221565731166914,0.06315789473684211,0.9433333333333334,0.9368421052631579,0.8928333333333334,0.4967543859649123,0.04972192749778957
HYBRID_20260727T160302Z,HYBRID_POLICY_V1.0,retail_A7_r05_s2643,retail,A7,0.05,ISOLATION_FOREST,6000,300,359,17,5358,342,283,0.04735376044568245,0.056666666666666664,0.051593323216995446,0.06,0.9433333333333334,0.94,0.8958333333333334,0.4983333333333333,0.09935581629829547
HYBRID_20260727T160302Z,HYBRID_POLICY_V1.0,retail_A7_r05_s2643,retail,A7,0.05,LOCAL_OUTLIER_FACTOR,6000,300,835,68,4933,767,232,0.081437125748503,0.22666666666666666,0.1198237885462555,0.13456140350877194,0.7733333333333333,0.8654385964912281,0.8335,0.5460526315789473,0.101600408402443
HYBRID_20260727T160302Z,HYBRID_POLICY_V1.0,retail_A7_r05_s2643,retail,A7,0.05,AI_CONSENSUS,6000,300,1052,69,4717,983,231,0.0655893536121673,0.23,0.10207100591715976,0.1724561403508772,0.77,0.8275438596491228,0.7976666666666666,0.5287719298245614,0.12846417354384176
HYBRID_20260727T160302Z,HYBRID_POLICY_V1.0,retail_A7_r05_s2643,retail,A7,0.05,HYBRID_V1,6000,300,1576,140,4264,1436,160,0.08883248730964467,0.4666666666666667,0.14925373134328357,0.2519298245614035,0.5333333333333333,0.7480701754385964,0.734,0.6073684210526316,0.10426861272966591
HYBRID_20260727T160302Z,HYBRID_POLICY_V1.0,retail_A7_r10_s2644,retail,A7,0.1,RULE_ONLY,6000,600,390,46,5056,344,554,0.11794871794871795,0.07666666666666666,0.09292929292929293,0.0637037037037037,0.9233333333333333,0.9362962962962963,0.8503333333333334,0.5064814814814815,0.10137606837606838
HYBRID_20260727T160302Z,HYBRID_POLICY_V1.0,retail_A7_r10_s2644,retail,A7,0.1,ISOLATION_FOREST,6000,600,391,40,5049,351,560,0.10230179028132992,0.06666666666666667,0.08072653884964683,0.065,0.9333333333333333,0.935,0.8481666666666666,0.5008333333333334,0.18066660393052003
HYBRID_20260727T160302Z,HYBRID_POLICY_V1.0,retail_A7_r10_s2644,retail,A7,0.1,LOCAL_OUTLIER_FACTOR,6000,600,806,135,4729,671,465,0.1674937965260546,0.225,0.19203413940256045,0.12425925925925926,0.775,0.8757407407407407,0.8106666666666666,0.5503703703703704,0.19608846494572055
HYBRID_20260727T160302Z,HYBRID_POLICY_V1.0,retail_A7_r10_s2644,retail,A7,0.1,AI_CONSENSUS,6000,600,1062,137,4475,925,463,0.12900188323917136,0.22833333333333333,0.1648616125150421,0.1712962962962963,0.7716666666666666,0.8287037037037037,0.7686666666666667,0.5285185185185185,0.23214550396508238
HYBRID_20260727T160302Z,HYBRID_POLICY_V1.0,retail_A7_r10_s2644,retail,A7,0.1,HYBRID_V1,6000,600,1551,227,4076,1324,373,0.1463571889103804,0.37833333333333335,0.2110646211064621,0.24518518518518517,0.6216666666666667,0.7548148148148148,0.7171666666666666,0.5665740740740741,0.20093427966220262
