dataset,trust_band,records,true_anomalies,predicted_anomalies,mean_hybrid_risk,mean_hybrid_trust
finance,HIGH_TRUST,304734,22636,15675,0.15437308812603778,0.8449774299038942
finance,LOW_TRUST,401,163,401,0.5334115955943475,0.4642961878775284
finance,MODERATE_TRUST,114865,27839,75832,0.3226095243590302,0.6757856124363383
healthcare,HIGH_TRUST,79961,56578,0,0.1610573173441482,0.8334520506268742
healthcare,LOW_TRUST,2,2,2,0.5129034322638666,0.45462346322039116
healthcare,MODERATE_TRUST,61892,57401,33515,0.3064344170074213,0.6866420914729815
retail,HIGH_TRUST,92317,1420,4863,0.1502390030727457,0.84945212521168
retail,LOW_TRUST,205,89,205,0.5329905325203252,0.4653571777777778
retail,MODERATE_TRUST,33478,5141,29463,0.36964986072943423,0.6298171583427923
