records,true_anomalies,predicted_anomalies,tp,tn,fp,fn,precision,recall,f1,false_positive_rate,false_negative_rate,specificity,balanced_accuracy,experiment_id,dataset,outer_fold,method,true_positive,false_positive,false_negative,true_negative,anomaly_type,anomaly_rate
10000.0,100.0,782.0,10.0,9128.0,772.0,90.0,0.01278772378516624,0.1,0.022675736961451247,0.07797979797979798,0.9,0.9220202020202021,0.511010101010101,finance_A1_r01_s42,finance,1.0,AI_CONSENSUS,,,,,,
10000.0,100.0,1400.0,100.0,8600.0,1300.0,0.0,0.07142857142857142,1.0,0.13333333333333333,0.13131313131313133,0.0,0.8686868686868687,0.9343434343434344,finance_A1_r01_s42,finance,1.0,HYBRID_V1,,,,,,
10000.0,100.0,562.0,9.0,9347.0,553.0,91.0,0.01601423487544484,0.09,0.02719033232628399,0.05585858585858586,0.91,0.9441414141414142,0.5170707070707071,finance_A1_r01_s42,finance,1.0,HYBRID_V3_NESTED,,,,,,
10000.0,100.0,946.0,100.0,9054.0,846.0,0.0,0.10570824524312897,1.0,0.19120458891013384,0.08545454545454545,0.0,0.9145454545454546,0.9572727272727273,finance_A1_r01_s42,finance,1.0,RULE_ONLY,,,,,,
10000.0,500.0,754.0,34.0,8780.0,720.0,466.0,0.04509283819628647,0.068,0.05422647527910686,0.07578947368421053,0.932,0.9242105263157895,0.4961052631578947,finance_A1_r05_s43,finance,3.0,AI_CONSENSUS,,,,,,
10000.0,500.0,1685.0,500.0,8315.0,1185.0,0.0,0.29673590504451036,1.0,0.45766590389016015,0.12473684210526316,0.0,0.8752631578947369,0.9376315789473684,finance_A1_r05_s43,finance,3.0,HYBRID_V1,,,,,,
10000.0,500.0,546.0,46.0,9000.0,500.0,454.0,0.08424908424908426,0.092,0.08795411089866156,0.05263157894736842,0.908,0.9473684210526315,0.5196842105263157,finance_A1_r05_s43,finance,3.0,HYBRID_V3_NESTED,,,,,,
10000.0,500.0,1272.0,500.0,8728.0,772.0,0.0,0.39308176100628933,1.0,0.5643340857787811,0.08126315789473684,0.0,0.9187368421052632,0.9593684210526316,finance_A1_r05_s43,finance,3.0,RULE_ONLY,,,,,,
10000.0,1000.0,769.0,62.0,8293.0,707.0,938.0,0.08062418725617686,0.062,0.07009609949123798,0.07855555555555556,0.938,0.9214444444444444,0.49172222222222217,finance_A1_r10_s44,finance,3.0,AI_CONSENSUS,,,,,,
10000.0,1000.0,2186.0,1000.0,7814.0,1186.0,0.0,0.45745654162854527,1.0,0.6277463904582549,0.13177777777777777,0.0,0.8682222222222222,0.9341111111111111,finance_A1_r10_s44,finance,3.0,HYBRID_V1,,,,,,
10000.0,1000.0,561.0,78.0,8517.0,483.0,922.0,0.13903743315508021,0.078,0.09993593850096093,0.05366666666666667,0.922,0.9463333333333334,0.5121666666666667,finance_A1_r10_s44,finance,3.0,HYBRID_V3_NESTED,,,,,,
10000.0,1000.0,1786.0,1000.0,8214.0,786.0,0.0,0.5599104143337066,1.0,0.7178750897343862,0.08733333333333333,0.0,0.9126666666666666,0.9563333333333333,finance_A1_r10_s44,finance,3.0,RULE_ONLY,,,,,,
10000.0,100.0,761.0,10.0,9149.0,751.0,90.0,0.013140604467805518,0.1,0.023228803716608595,0.07585858585858586,0.9,0.9241414141414142,0.5120707070707071,finance_A2_r01_s142,finance,1.0,AI_CONSENSUS,,,,,,
10000.0,100.0,1434.0,100.0,8566.0,1334.0,0.0,0.0697350069735007,1.0,0.1303780964797914,0.13474747474747475,0.0,0.8652525252525253,0.9326262626262627,finance_A2_r01_s142,finance,1.0,HYBRID_V1,,,,,,
10000.0,100.0,538.0,11.0,9373.0,527.0,89.0,0.020446096654275093,0.11,0.034482758620689655,0.053232323232323235,0.89,0.9467676767676768,0.5283838383838384,finance_A2_r01_s142,finance,1.0,HYBRID_V3_NESTED,,,,,,
10000.0,100.0,1011.0,100.0,8989.0,911.0,0.0,0.09891196834817013,1.0,0.18001800180018004,0.09202020202020202,0.0,0.907979797979798,0.9539898989898989,finance_A2_r01_s142,finance,1.0,RULE_ONLY,,,,,,
10000.0,500.0,751.0,33.0,8782.0,718.0,467.0,0.043941411451398134,0.066,0.052757793764988015,0.07557894736842105,0.934,0.9244210526315789,0.49521052631578943,finance_A2_r05_s143,finance,2.0,AI_CONSENSUS,,,,,,
10000.0,500.0,2096.0,500.0,7904.0,1596.0,0.0,0.2385496183206107,1.0,0.3852080123266564,0.168,0.0,0.832,0.9159999999999999,finance_A2_r05_s143,finance,2.0,HYBRID_V1,,,,,,
10000.0,500.0,564.0,39.0,8975.0,525.0,461.0,0.06914893617021277,0.078,0.07330827067669173,0.05526315789473684,0.922,0.9447368421052632,0.5113684210526316,finance_A2_r05_s143,finance,2.0,HYBRID_V3_NESTED,,,,,,
10000.0,500.0,1705.0,500.0,8295.0,1205.0,0.0,0.2932551319648094,1.0,0.45351473922902497,0.1268421052631579,0.0,0.8731578947368421,0.9365789473684211,finance_A2_r05_s143,finance,2.0,RULE_ONLY,,,,,,
10000.0,1000.0,728.0,54.0,8326.0,674.0,946.0,0.07417582417582418,0.054,0.0625,0.0748888888888889,0.946,0.9251111111111111,0.4895555555555556,finance_A2_r10_s144,finance,1.0,AI_CONSENSUS,,,,,,
10000.0,1000.0,2914.0,1000.0,7086.0,1914.0,0.0,0.34317089910775567,1.0,0.510986203372509,0.21266666666666667,0.0,0.7873333333333333,0.8936666666666666,finance_A2_r10_s144,finance,1.0,HYBRID_V1,,,,,,
10000.0,1000.0,598.0,74.0,8476.0,524.0,926.0,0.12374581939799331,0.074,0.09261576971214018,0.058222222222222224,0.926,0.9417777777777778,0.507888888888889,finance_A2_r10_s144,finance,1.0,HYBRID_V3_NESTED,,,,,,
10000.0,1000.0,2556.0,1000.0,7444.0,1556.0,0.0,0.39123630672926446,1.0,0.562429696287964,0.1728888888888889,0.0,0.8271111111111111,0.9135555555555556,finance_A2_r10_s144,finance,1.0,RULE_ONLY,,,,,,
10000.0,100.0,867.0,100.0,9133.0,767.0,0.0,0.11534025374855825,1.0,0.2068252326783868,0.07747474747474747,0.0,0.9225252525252525,0.9612626262626263,finance_A3_r01_s242,finance,2.0,AI_CONSENSUS,,,,,,
10000.0,100.0,1377.0,100.0,8623.0,1277.0,0.0,0.07262164124909223,1.0,0.13540961408259986,0.128989898989899,0.0,0.871010101010101,0.9355050505050505,finance_A3_r01_s242,finance,2.0,HYBRID_V1,,,,,,
10000.0,100.0,595.0,70.0,9375.0,525.0,30.0,0.11764705882352941,0.7,0.2014388489208633,0.05303030303030303,0.3,0.946969696969697,0.8234848484848485,finance_A3_r01_s242,finance,2.0,HYBRID_V3_NESTED,,,,,,
10000.0,100.0,944.0,100.0,9056.0,844.0,0.0,0.1059322033898305,1.0,0.19157088122605365,0.08525252525252525,0.0,0.9147474747474748,0.9573737373737374,finance_A3_r01_s242,finance,2.0,RULE_ONLY,,,,,,
10000.0,500.0,1247.0,500.0,8753.0,747.0,0.0,0.40096230954290296,1.0,0.5724098454493417,0.07863157894736843,0.0,0.9213684210526316,0.9606842105263158,finance_A3_r05_s243,finance,1.0,AI_CONSENSUS,,,,,,
10000.0,500.0,1730.0,500.0,8270.0,1230.0,0.0,0.28901734104046245,1.0,0.4484304932735427,0.12947368421052632,0.0,0.8705263157894737,0.9352631578947368,finance_A3_r05_s243,finance,1.0,HYBRID_V1,,,,,,
10000.0,500.0,799.0,310.0,9011.0,489.0,190.0,0.3879849812265332,0.62,0.47729022324865283,0.05147368421052632,0.38,0.9485263157894737,0.7842631578947368,finance_A3_r05_s243,finance,1.0,HYBRID_V3_NESTED,,,,,,
10000.0,500.0,1312.0,500.0,8688.0,812.0,0.0,0.38109756097560976,1.0,0.5518763796909493,0.08547368421052631,0.0,0.9145263157894736,0.9572631578947368,finance_A3_r05_s243,finance,1.0,RULE_ONLY,,,,,,
10000.0,1000.0,1723.0,1000.0,8277.0,723.0,0.0,0.5803830528148578,1.0,0.7344840249724569,0.08033333333333334,0.0,0.9196666666666666,0.9598333333333333,finance_A3_r10_s244,finance,3.0,AI_CONSENSUS,,,,,,
10000.0,1000.0,2124.0,1000.0,7876.0,1124.0,0.0,0.4708097928436911,1.0,0.6402048655569782,0.12488888888888888,0.0,0.8751111111111111,0.9375555555555555,finance_A3_r10_s244,finance,3.0,HYBRID_V1,,,,,,
10000.0,1000.0,1026.0,580.0,8554.0,446.0,420.0,0.5653021442495126,0.58,0.5725567620927937,0.049555555555555554,0.42,0.9504444444444444,0.7652222222222222,finance_A3_r10_s244,finance,3.0,HYBRID_V3_NESTED,,,,,,
10000.0,1000.0,1742.0,1000.0,8258.0,742.0,0.0,0.574052812858783,1.0,0.7293946024799416,0.08244444444444445,0.0,0.9175555555555556,0.9587777777777777,finance_A3_r10_s244,finance,3.0,RULE_ONLY,,,,,,
10000.0,100.0,856.0,100.0,9144.0,756.0,0.0,0.11682242990654206,1.0,0.20920502092050208,0.07636363636363637,0.0,0.9236363636363636,0.9618181818181818,finance_A4_r01_s342,finance,3.0,AI_CONSENSUS,,,,,,
10000.0,100.0,1360.0,75.0,8615.0,1285.0,25.0,0.05514705882352941,0.75,0.10273972602739725,0.1297979797979798,0.25,0.8702020202020202,0.8101010101010101,finance_A4_r01_s342,finance,3.0,HYBRID_V1,,,,,,
10000.0,100.0,593.0,75.0,9382.0,518.0,25.0,0.12647554806070826,0.75,0.21645021645021645,0.05232323232323232,0.25,0.9476767676767677,0.8488383838383838,finance_A4_r01_s342,finance,3.0,HYBRID_V3_NESTED,,,,,,
10000.0,100.0,862.0,1.0,9039.0,861.0,99.0,0.001160092807424594,0.01,0.0020790020790020787,0.08696969696969697,0.99,0.9130303030303031,0.46151515151515154,finance_A4_r01_s342,finance,3.0,RULE_ONLY,,,,,,
10000.0,500.0,1269.0,500.0,8731.0,769.0,0.0,0.39401103230890466,1.0,0.5652911249293385,0.08094736842105263,0.0,0.9190526315789473,0.9595263157894737,finance_A4_r05_s343,finance,2.0,AI_CONSENSUS,,,,,,
10000.0,500.0,1614.0,379.0,8265.0,1235.0,121.0,0.23482032218091697,0.758,0.35856196783349104,0.13,0.242,0.87,0.8140000000000001,finance_A4_r05_s343,finance,2.0,HYBRID_V1,,,,,,
10000.0,500.0,880.0,379.0,8999.0,501.0,121.0,0.43068181818181817,0.758,0.5492753623188406,0.05273684210526316,0.242,0.9472631578947368,0.8526315789473684,finance_A4_r05_s343,finance,2.0,HYBRID_V3_NESTED,,,,,,
10000.0,500.0,825.0,7.0,8682.0,818.0,493.0,0.008484848484848486,0.014,0.010566037735849057,0.08610526315789474,0.986,0.9138947368421053,0.46394736842105266,finance_A4_r05_s343,finance,2.0,RULE_ONLY,,,,,,
10000.0,1000.0,1722.0,1000.0,8278.0,722.0,0.0,0.5807200929152149,1.0,0.7347538574577516,0.08022222222222222,0.0,0.9197777777777778,0.9598888888888889,finance_A4_r10_s344,finance,1.0,AI_CONSENSUS,,,,,,
10000.0,1000.0,1804.0,703.0,7899.0,1101.0,297.0,0.389689578713969,0.703,0.5014265335235378,0.12233333333333334,0.297,0.8776666666666667,0.7903333333333333,finance_A4_r10_s344,finance,1.0,HYBRID_V1,,,,,,
10000.0,1000.0,1142.0,700.0,8558.0,442.0,300.0,0.6129597197898424,0.7,0.6535947712418301,0.04911111111111111,0.3,0.9508888888888889,0.8254444444444444,finance_A4_r10_s344,finance,1.0,HYBRID_V3_NESTED,,,,,,
10000.0,1000.0,754.0,28.0,8274.0,726.0,972.0,0.03713527851458886,0.028,0.03192702394526796,0.08066666666666666,0.972,0.9193333333333333,0.4736666666666667,finance_A4_r10_s344,finance,1.0,RULE_ONLY,,,,,,
10000.0,100.0,775.0,12.0,9137.0,763.0,88.0,0.015483870967741935,0.12,0.02742857142857143,0.07707070707070707,0.88,0.9229292929292929,0.5214646464646464,finance_A5_r01_s442,finance,2.0,AI_CONSENSUS,,,,,,
10000.0,100.0,1264.0,12.0,8648.0,1252.0,88.0,0.00949367088607595,0.12,0.017595307917888565,0.12646464646464647,0.88,0.8735353535353535,0.49676767676767675,finance_A5_r01_s442,finance,2.0,HYBRID_V1,,,,,,
10000.0,100.0,521.0,5.0,9384.0,516.0,95.0,0.009596928982725527,0.05,0.01610305958132045,0.052121212121212124,0.95,0.9478787878787879,0.49893939393939396,finance_A5_r01_s442,finance,2.0,HYBRID_V3_NESTED,,,,,,
10000.0,100.0,830.0,8.0,9078.0,822.0,92.0,0.00963855421686747,0.08,0.017204301075268817,0.08303030303030302,0.92,0.916969696969697,0.4984848484848485,finance_A5_r01_s442,finance,2.0,RULE_ONLY,,,,,,
10000.0,500.0,815.0,91.0,8776.0,724.0,409.0,0.1116564417177914,0.182,0.13840304182509508,0.07621052631578948,0.818,0.9237894736842105,0.5528947368421052,finance_A5_r05_s443,finance,3.0,AI_CONSENSUS,,,,,,
10000.0,500.0,1290.0,88.0,8298.0,1202.0,412.0,0.06821705426356589,0.176,0.09832402234636871,0.12652631578947368,0.824,0.8734736842105263,0.5247368421052632,finance_A5_r05_s443,finance,3.0,HYBRID_V1,,,,,,
10000.0,500.0,532.0,47.0,9015.0,485.0,453.0,0.08834586466165413,0.094,0.09108527131782944,0.05105263157894737,0.906,0.9489473684210527,0.5214736842105263,finance_A5_r05_s443,finance,3.0,HYBRID_V3_NESTED,,,,,,
10000.0,500.0,845.0,48.0,8703.0,797.0,452.0,0.05680473372781065,0.096,0.07137546468401487,0.08389473684210526,0.904,0.9161052631578948,0.5060526315789474,finance_A5_r05_s443,finance,3.0,RULE_ONLY,,,,,,
10000.0,1000.0,877.0,169.0,8292.0,708.0,831.0,0.19270239452679588,0.169,0.1800745871070858,0.07866666666666666,0.831,0.9213333333333333,0.5451666666666667,finance_A5_r10_s444,finance,1.0,AI_CONSENSUS,,,,,,
10000.0,1000.0,1303.0,159.0,7856.0,1144.0,841.0,0.12202609363008442,0.159,0.13808076422058185,0.12711111111111112,0.841,0.8728888888888889,0.5159444444444444,finance_A5_r10_s444,finance,1.0,HYBRID_V1,,,,,,
10000.0,1000.0,557.0,96.0,8539.0,461.0,904.0,0.17235188509874327,0.096,0.12331406551059729,0.051222222222222225,0.904,0.9487777777777778,0.5223888888888889,finance_A5_r10_s444,finance,1.0,HYBRID_V3_NESTED,,,,,,
10000.0,1000.0,834.0,81.0,8247.0,753.0,919.0,0.09712230215827339,0.081,0.08833151581243184,0.08366666666666667,0.919,0.9163333333333333,0.49866666666666665,finance_A5_r10_s444,finance,1.0,RULE_ONLY,,,,,,
10000.0,100.0,780.0,11.0,9131.0,769.0,89.0,0.014102564102564103,0.11,0.024999999999999998,0.07767676767676768,0.89,0.9223232323232323,0.5161616161616162,finance_A6_r01_s542,finance,2.0,AI_CONSENSUS,,,,,,
10000.0,100.0,1295.0,13.0,8618.0,1282.0,87.0,0.010038610038610039,0.13,0.01863799283154122,0.1294949494949495,0.87,0.8705050505050506,0.5002525252525253,finance_A6_r01_s542,finance,2.0,HYBRID_V1,,,,,,
10000.0,100.0,572.0,8.0,9336.0,564.0,92.0,0.013986013986013986,0.08,0.023809523809523808,0.05696969696969697,0.92,0.943030303030303,0.5115151515151515,finance_A6_r01_s542,finance,2.0,HYBRID_V3_NESTED,,,,,,
10000.0,100.0,817.0,6.0,9089.0,811.0,94.0,0.0073439412484700125,0.06,0.013086150490730643,0.08191919191919192,0.94,0.918080808080808,0.48904040404040405,finance_A6_r01_s542,finance,2.0,RULE_ONLY,,,,,,
10000.0,500.0,796.0,52.0,8756.0,744.0,448.0,0.06532663316582915,0.104,0.08024691358024692,0.07831578947368421,0.896,0.9216842105263158,0.5128421052631579,finance_A6_r05_s543,finance,2.0,AI_CONSENSUS,,,,,,
10000.0,500.0,1305.0,65.0,8260.0,1240.0,435.0,0.04980842911877394,0.13,0.07202216066481994,0.13052631578947368,0.87,0.8694736842105263,0.49973684210526315,finance_A6_r05_s543,finance,2.0,HYBRID_V1,,,,,,
10000.0,500.0,548.0,35.0,8987.0,513.0,465.0,0.06386861313868614,0.07,0.06679389312977099,0.054,0.93,0.946,0.508,finance_A6_r05_s543,finance,2.0,HYBRID_V3_NESTED,,,,,,
10000.0,500.0,858.0,37.0,8679.0,821.0,463.0,0.04312354312354312,0.074,0.05449189985272459,0.08642105263157895,0.926,0.913578947368421,0.4937894736842105,finance_A6_r05_s543,finance,2.0,RULE_ONLY,,,,,,
10000.0,1000.0,789.0,120.0,8331.0,669.0,880.0,0.1520912547528517,0.12,0.13415315818893236,0.07433333333333333,0.88,0.9256666666666666,0.5228333333333333,finance_A6_r10_s544,finance,2.0,AI_CONSENSUS,,,,,,
10000.0,1000.0,1274.0,154.0,7880.0,1120.0,846.0,0.12087912087912088,0.154,0.13544415127528586,0.12444444444444444,0.846,0.8755555555555555,0.5147777777777778,finance_A6_r10_s544,finance,2.0,HYBRID_V1,,,,,,
10000.0,1000.0,548.0,94.0,8546.0,454.0,906.0,0.17153284671532848,0.094,0.12144702842377261,0.050444444444444445,0.906,0.9495555555555556,0.5217777777777778,finance_A6_r10_s544,finance,2.0,HYBRID_V3_NESTED,,,,,,
10000.0,1000.0,811.0,71.0,8260.0,740.0,929.0,0.08754623921085081,0.071,0.07840971838763112,0.08222222222222222,0.929,0.9177777777777778,0.4943888888888889,finance_A6_r10_s544,finance,2.0,RULE_ONLY,,,,,,
10000.0,100.0,783.0,15.0,9132.0,768.0,85.0,0.019157088122605363,0.15,0.03397508493771234,0.07757575757575758,0.85,0.9224242424242424,0.5362121212121211,finance_A7_r01_s642,finance,3.0,AI_CONSENSUS,,,,,,
10000.0,100.0,1250.0,15.0,8665.0,1235.0,85.0,0.012,0.15,0.02222222222222222,0.12474747474747475,0.85,0.8752525252525253,0.5126262626262627,finance_A7_r01_s642,finance,3.0,HYBRID_V1,,,,,,
10000.0,100.0,538.0,9.0,9371.0,529.0,91.0,0.016728624535315983,0.09,0.028213166144200625,0.05343434343434343,0.91,0.9465656565656566,0.5182828282828283,finance_A7_r01_s642,finance,3.0,HYBRID_V3_NESTED,,,,,,
10000.0,100.0,811.0,6.0,9095.0,805.0,94.0,0.007398273736128237,0.06,0.013172338090010977,0.08131313131313131,0.94,0.9186868686868687,0.4893434343434343,finance_A7_r01_s642,finance,3.0,RULE_ONLY,,,,,,
10000.0,500.0,841.0,87.0,8746.0,754.0,413.0,0.10344827586206896,0.174,0.12975391498881433,0.07936842105263157,0.826,0.9206315789473685,0.5473157894736842,finance_A7_r05_s643,finance,3.0,AI_CONSENSUS,,,,,,
10000.0,500.0,1320.0,98.0,8278.0,1222.0,402.0,0.07424242424242425,0.196,0.1076923076923077,0.12863157894736843,0.804,0.8713684210526316,0.5336842105263158,finance_A7_r05_s643,finance,3.0,HYBRID_V1,,,,,,
10000.0,500.0,585.0,62.0,8977.0,523.0,438.0,0.10598290598290598,0.124,0.11428571428571428,0.05505263157894737,0.876,0.9449473684210526,0.5344736842105263,finance_A7_r05_s643,finance,3.0,HYBRID_V3_NESTED,,,,,,
10000.0,500.0,833.0,44.0,8711.0,789.0,456.0,0.05282112845138055,0.088,0.0660165041260315,0.08305263157894736,0.912,0.9169473684210526,0.5024736842105263,finance_A7_r05_s643,finance,3.0,RULE_ONLY,,,,,,
10000.0,1000.0,891.0,157.0,8266.0,734.0,843.0,0.17620650953984288,0.157,0.16604970914859862,0.08155555555555556,0.843,0.9184444444444444,0.5377222222222222,finance_A7_r10_s644,finance,1.0,AI_CONSENSUS,,,,,,
10000.0,1000.0,1347.0,184.0,7837.0,1163.0,816.0,0.13659985152190052,0.184,0.15679590967192159,0.1292222222222222,0.816,0.8707777777777778,0.5273888888888889,finance_A7_r10_s644,finance,1.0,HYBRID_V1,,,,,,
10000.0,1000.0,596.0,107.0,8511.0,489.0,893.0,0.17953020134228187,0.107,0.13408521303258145,0.05433333333333333,0.893,0.9456666666666667,0.5263333333333333,finance_A7_r10_s644,finance,1.0,HYBRID_V3_NESTED,,,,,,
10000.0,1000.0,860.0,92.0,8232.0,768.0,908.0,0.10697674418604651,0.092,0.0989247311827957,0.08533333333333333,0.908,0.9146666666666666,0.5033333333333333,finance_A7_r10_s644,finance,1.0,RULE_ONLY,,,,,,
10000.0,100.0,15.0,0.0,9885.0,15.0,100.0,0.0,0.0,0.0,0.0015151515151515152,1.0,0.9984848484848485,0.49924242424242427,healthcare_A1_r01_s1042,healthcare,3.0,AI_CONSENSUS,,,,,,
10000.0,100.0,282.0,100.0,9718.0,182.0,0.0,0.3546099290780142,1.0,0.5235602094240838,0.018383838383838384,0.0,0.9816161616161616,0.9908080808080808,healthcare_A1_r01_s1042,healthcare,3.0,HYBRID_V1,,,,,,
10000.0,100.0,195.0,13.0,9718.0,182.0,87.0,0.06666666666666667,0.13,0.08813559322033898,0.018383838383838384,0.87,0.9816161616161616,0.5558080808080808,healthcare_A1_r01_s1042,healthcare,3.0,HYBRID_V3_NESTED,,,,,,
10000.0,100.0,100.0,100.0,9900.0,0.0,0.0,1.0,1.0,1.0,0.0,0.0,1.0,1.0,healthcare_A1_r01_s1042,healthcare,3.0,RULE_ONLY,,,,,,
10000.0,500.0,8.0,2.0,9494.0,6.0,498.0,0.25,0.004,0.007874015748031496,0.0006315789473684211,0.996,0.9993684210526316,0.5016842105263157,healthcare_A1_r05_s1043,healthcare,2.0,AI_CONSENSUS,,,,,,
10000.0,500.0,674.0,500.0,9326.0,174.0,0.0,0.7418397626112759,1.0,0.8517887563884156,0.01831578947368421,0.0,0.9816842105263158,0.990842105263158,healthcare_A1_r05_s1043,healthcare,2.0,HYBRID_V1,,,,,,
10000.0,500.0,286.0,112.0,9326.0,174.0,388.0,0.3916083916083916,0.224,0.28498727735368956,0.01831578947368421,0.776,0.9816842105263158,0.602842105263158,healthcare_A1_r05_s1043,healthcare,2.0,HYBRID_V3_NESTED,,,,,,
10000.0,500.0,500.0,500.0,9500.0,0.0,0.0,1.0,1.0,1.0,0.0,0.0,1.0,1.0,healthcare_A1_r05_s1043,healthcare,2.0,RULE_ONLY,,,,,,
10000.0,1000.0,9.0,1.0,8992.0,8.0,999.0,0.1111111111111111,0.001,0.0019821605550049554,0.0008888888888888889,0.999,0.9991111111111111,0.5000555555555555,healthcare_A1_r10_s1044,healthcare,2.0,AI_CONSENSUS,,,,,,
10000.0,1000.0,1165.0,1000.0,8835.0,165.0,0.0,0.8583690987124464,1.0,0.9237875288683602,0.018333333333333333,0.0,0.9816666666666667,0.9908333333333333,healthcare_A1_r10_s1044,healthcare,2.0,HYBRID_V1,,,,,,
10000.0,1000.0,369.0,204.0,8835.0,165.0,796.0,0.5528455284552846,0.204,0.29802775748721694,0.018333333333333333,0.796,0.9816666666666667,0.5928333333333333,healthcare_A1_r10_s1044,healthcare,2.0,HYBRID_V3_NESTED,,,,,,
10000.0,1000.0,1000.0,1000.0,9000.0,0.0,0.0,1.0,1.0,1.0,0.0,0.0,1.0,1.0,healthcare_A1_r10_s1044,healthcare,2.0,RULE_ONLY,,,,,,
10000.0,100.0,11.0,0.0,9889.0,11.0,100.0,0.0,0.0,0.0,0.0011111111111111111,1.0,0.9988888888888889,0.49944444444444447,healthcare_A2_r01_s1142,healthcare,1.0,AI_CONSENSUS,,,,,,
10000.0,100.0,362.0,100.0,9638.0,262.0,0.0,0.27624309392265195,1.0,0.43290043290043295,0.026464646464646465,0.0,0.9735353535353536,0.9867676767676767,healthcare_A2_r01_s1142,healthcare,1.0,HYBRID_V1,,,,,,
10000.0,100.0,187.0,6.0,9719.0,181.0,94.0,0.03208556149732621,0.06,0.041811846689895474,0.018282828282828283,0.94,0.9817171717171718,0.5208585858585859,healthcare_A2_r01_s1142,healthcare,1.0,HYBRID_V3_NESTED,,,,,,
10000.0,100.0,189.0,100.0,9811.0,89.0,0.0,0.5291005291005291,1.0,0.6920415224913494,0.00898989898989899,0.0,0.991010101010101,0.9955050505050504,healthcare_A2_r01_s1142,healthcare,1.0,RULE_ONLY,,,,,,
10000.0,500.0,10.0,0.0,9490.0,10.0,500.0,0.0,0.0,0.0,0.0010526315789473684,1.0,0.9989473684210526,0.4994736842105263,healthcare_A2_r05_s1143,healthcare,1.0,AI_CONSENSUS,,,,,,
10000.0,500.0,1156.0,500.0,8844.0,656.0,0.0,0.43252595155709345,1.0,0.6038647342995169,0.06905263157894737,0.0,0.9309473684210526,0.9654736842105263,healthcare_A2_r05_s1143,healthcare,1.0,HYBRID_V1,,,,,,
10000.0,500.0,240.0,39.0,9299.0,201.0,461.0,0.1625,0.078,0.10540540540540541,0.021157894736842105,0.922,0.9788421052631578,0.5284210526315789,healthcare_A2_r05_s1143,healthcare,1.0,HYBRID_V3_NESTED,,,,,,
10000.0,500.0,993.0,500.0,9007.0,493.0,0.0,0.5035246727089627,1.0,0.6697923643670461,0.051894736842105264,0.0,0.9481052631578948,0.9740526315789474,healthcare_A2_r05_s1143,healthcare,1.0,RULE_ONLY,,,,,,
10000.0,1000.0,12.0,2.0,8990.0,10.0,998.0,0.16666666666666666,0.002,0.003952569169960474,0.0011111111111111111,0.998,0.9988888888888889,0.5004444444444445,healthcare_A2_r10_s1144,healthcare,3.0,AI_CONSENSUS,,,,,,
10000.0,1000.0,2046.0,1000.0,7954.0,1046.0,0.0,0.4887585532746823,1.0,0.6565988181221274,0.11622222222222223,0.0,0.8837777777777778,0.9418888888888889,healthcare_A2_r10_s1144,healthcare,3.0,HYBRID_V1,,,,,,
10000.0,1000.0,296.0,83.0,8787.0,213.0,917.0,0.28040540540540543,0.083,0.12808641975308643,0.023666666666666666,0.917,0.9763333333333334,0.5296666666666667,healthcare_A2_r10_s1144,healthcare,3.0,HYBRID_V3_NESTED,,,,,,
10000.0,1000.0,1912.0,1000.0,8088.0,912.0,0.0,0.5230125523012552,1.0,0.6868131868131868,0.10133333333333333,0.0,0.8986666666666666,0.9493333333333334,healthcare_A2_r10_s1144,healthcare,3.0,RULE_ONLY,,,,,,
10000.0,100.0,116.0,100.0,9884.0,16.0,0.0,0.8620689655172413,1.0,0.9259259259259259,0.0016161616161616162,0.0,0.9983838383838384,0.9991919191919192,healthcare_A3_r01_s1242,healthcare,3.0,AI_CONSENSUS,,,,,,
10000.0,100.0,248.0,100.0,9752.0,148.0,0.0,0.4032258064516129,1.0,0.5747126436781609,0.01494949494949495,0.0,0.9850505050505051,0.9925252525252526,healthcare_A3_r01_s1242,healthcare,3.0,HYBRID_V1,,,,,,
10000.0,100.0,218.0,70.0,9752.0,148.0,30.0,0.3211009174311927,0.7,0.440251572327044,0.01494949494949495,0.3,0.9850505050505051,0.8425252525252525,healthcare_A3_r01_s1242,healthcare,3.0,HYBRID_V3_NESTED,,,,,,
10000.0,100.0,100.0,100.0,9900.0,0.0,0.0,1.0,1.0,1.0,0.0,0.0,1.0,1.0,healthcare_A3_r01_s1242,healthcare,3.0,RULE_ONLY,,,,,,
10000.0,500.0,505.0,500.0,9495.0,5.0,0.0,0.9900990099009901,1.0,0.9950248756218906,0.0005263157894736842,0.0,0.9994736842105263,0.9997368421052631,healthcare_A3_r05_s1243,healthcare,2.0,AI_CONSENSUS,,,,,,
10000.0,500.0,561.0,500.0,9439.0,61.0,0.0,0.8912655971479501,1.0,0.942507068803016,0.006421052631578947,0.0,0.993578947368421,0.9967894736842104,healthcare_A3_r05_s1243,healthcare,2.0,HYBRID_V1,,,,,,
10000.0,500.0,423.0,362.0,9439.0,61.0,138.0,0.8557919621749409,0.724,0.7843986998916577,0.006421052631578947,0.276,0.993578947368421,0.8587894736842105,healthcare_A3_r05_s1243,healthcare,2.0,HYBRID_V3_NESTED,,,,,,
10000.0,500.0,500.0,500.0,9500.0,0.0,0.0,1.0,1.0,1.0,0.0,0.0,1.0,1.0,healthcare_A3_r05_s1243,healthcare,2.0,RULE_ONLY,,,,,,
10000.0,1000.0,1008.0,1000.0,8992.0,8.0,0.0,0.9920634920634921,1.0,0.9960159362549801,0.0008888888888888889,0.0,0.9991111111111111,0.9995555555555555,healthcare_A3_r10_s1244,healthcare,1.0,AI_CONSENSUS,,,,,,
10000.0,1000.0,1007.0,1000.0,8993.0,7.0,0.0,0.9930486593843099,1.0,0.9965122072745392,0.0007777777777777777,0.0,0.9992222222222222,0.9996111111111111,healthcare_A3_r10_s1244,healthcare,1.0,HYBRID_V1,,,,,,
10000.0,1000.0,700.0,693.0,8993.0,7.0,307.0,0.99,0.693,0.8152941176470588,0.0007777777777777777,0.307,0.9992222222222222,0.846111111111111,healthcare_A3_r10_s1244,healthcare,1.0,HYBRID_V3_NESTED,,,,,,
10000.0,1000.0,1000.0,1000.0,9000.0,0.0,0.0,1.0,1.0,1.0,0.0,0.0,1.0,1.0,healthcare_A3_r10_s1244,healthcare,1.0,RULE_ONLY,,,,,,
10000.0,100.0,109.0,100.0,9891.0,9.0,0.0,0.9174311926605505,1.0,0.9569377990430622,0.0009090909090909091,0.0,0.9990909090909091,0.9995454545454545,healthcare_A4_r01_s1342,healthcare,1.0,AI_CONSENSUS,,,,,,
10000.0,100.0,209.0,60.0,9751.0,149.0,40.0,0.28708133971291866,0.6,0.38834951456310673,0.01505050505050505,0.4,0.9849494949494949,0.7924747474747474,healthcare_A4_r01_s1342,healthcare,1.0,HYBRID_V1,,,,,,
10000.0,100.0,209.0,60.0,9751.0,149.0,40.0,0.28708133971291866,0.6,0.38834951456310673,0.01505050505050505,0.4,0.9849494949494949,0.7924747474747474,healthcare_A4_r01_s1342,healthcare,1.0,HYBRID_V3_NESTED,,,,,,
10000.0,100.0,0.0,0.0,9900.0,0.0,100.0,0.0,0.0,0.0,0.0,1.0,1.0,0.5,healthcare_A4_r01_s1342,healthcare,1.0,RULE_ONLY,,,,,,
10000.0,500.0,511.0,500.0,9489.0,11.0,0.0,0.9784735812133072,1.0,0.9891196834817012,0.0011578947368421054,0.0,0.9988421052631579,0.999421052631579,healthcare_A4_r05_s1343,healthcare,1.0,AI_CONSENSUS,,,,,,
10000.0,500.0,344.0,279.0,9435.0,65.0,221.0,0.811046511627907,0.558,0.6611374407582938,0.006842105263157895,0.442,0.9931578947368421,0.7755789473684211,healthcare_A4_r05_s1343,healthcare,1.0,HYBRID_V1,,,,,,
10000.0,500.0,344.0,279.0,9435.0,65.0,221.0,0.811046511627907,0.558,0.6611374407582938,0.006842105263157895,0.442,0.9931578947368421,0.7755789473684211,healthcare_A4_r05_s1343,healthcare,1.0,HYBRID_V3_NESTED,,,,,,
10000.0,500.0,0.0,0.0,9500.0,0.0,500.0,0.0,0.0,0.0,0.0,1.0,1.0,0.5,healthcare_A4_r05_s1343,healthcare,1.0,RULE_ONLY,,,,,,
10000.0,1000.0,1004.0,1000.0,8996.0,4.0,0.0,0.9960159362549801,1.0,0.998003992015968,0.00044444444444444447,0.0,0.9995555555555555,0.9997777777777778,healthcare_A4_r10_s1344,healthcare,2.0,AI_CONSENSUS,,,,,,
10000.0,1000.0,497.0,493.0,8996.0,4.0,507.0,0.9919517102615694,0.493,0.6586506346025385,0.00044444444444444447,0.507,0.9995555555555555,0.7462777777777778,healthcare_A4_r10_s1344,healthcare,2.0,HYBRID_V1,,,,,,
10000.0,1000.0,497.0,493.0,8996.0,4.0,507.0,0.9919517102615694,0.493,0.6586506346025385,0.00044444444444444447,0.507,0.9995555555555555,0.7462777777777778,healthcare_A4_r10_s1344,healthcare,2.0,HYBRID_V3_NESTED,,,,,,
10000.0,1000.0,0.0,0.0,9000.0,0.0,1000.0,0.0,0.0,0.0,0.0,1.0,1.0,0.5,healthcare_A4_r10_s1344,healthcare,2.0,RULE_ONLY,,,,,,
10000.0,100.0,13.0,0.0,9887.0,13.0,100.0,0.0,0.0,0.0,0.0013131313131313131,1.0,0.9986868686868687,0.49934343434343437,healthcare_A5_r01_s1442,healthcare,3.0,AI_CONSENSUS,,,,,,
10000.0,100.0,186.0,5.0,9719.0,181.0,95.0,0.026881720430107527,0.05,0.03496503496503497,0.018282828282828283,0.95,0.9817171717171718,0.5158585858585859,healthcare_A5_r01_s1442,healthcare,3.0,HYBRID_V1,,,,,,
10000.0,100.0,186.0,5.0,9719.0,181.0,95.0,0.026881720430107527,0.05,0.03496503496503497,0.018282828282828283,0.95,0.9817171717171718,0.5158585858585859,healthcare_A5_r01_s1442,healthcare,3.0,HYBRID_V3_NESTED,,,,,,
10000.0,100.0,0.0,0.0,9900.0,0.0,100.0,0.0,0.0,0.0,0.0,1.0,1.0,0.5,healthcare_A5_r01_s1442,healthcare,3.0,RULE_ONLY,,,,,,
10000.0,500.0,5.0,0.0,9495.0,5.0,500.0,0.0,0.0,0.0,0.0005263157894736842,1.0,0.9994736842105263,0.49973684210526315,healthcare_A5_r05_s1443,healthcare,2.0,AI_CONSENSUS,,,,,,
10000.0,500.0,166.0,32.0,9366.0,134.0,468.0,0.1927710843373494,0.064,0.0960960960960961,0.014105263157894737,0.936,0.9858947368421053,0.5249473684210526,healthcare_A5_r05_s1443,healthcare,2.0,HYBRID_V1,,,,,,
10000.0,500.0,166.0,32.0,9366.0,134.0,468.0,0.1927710843373494,0.064,0.0960960960960961,0.014105263157894737,0.936,0.9858947368421053,0.5249473684210526,healthcare_A5_r05_s1443,healthcare,2.0,HYBRID_V3_NESTED,,,,,,
10000.0,500.0,0.0,0.0,9500.0,0.0,500.0,0.0,0.0,0.0,0.0,1.0,1.0,0.5,healthcare_A5_r05_s1443,healthcare,2.0,RULE_ONLY,,,,,,
10000.0,1000.0,9.0,1.0,8992.0,8.0,999.0,0.1111111111111111,0.001,0.0019821605550049554,0.0008888888888888889,0.999,0.9991111111111111,0.5000555555555555,healthcare_A5_r10_s1444,healthcare,3.0,AI_CONSENSUS,,,,,,
10000.0,1000.0,158.0,54.0,8896.0,104.0,946.0,0.34177215189873417,0.054,0.09326424870466321,0.011555555555555555,0.946,0.9884444444444445,0.5212222222222223,healthcare_A5_r10_s1444,healthcare,3.0,HYBRID_V1,,,,,,
10000.0,1000.0,158.0,54.0,8896.0,104.0,946.0,0.34177215189873417,0.054,0.09326424870466321,0.011555555555555555,0.946,0.9884444444444445,0.5212222222222223,healthcare_A5_r10_s1444,healthcare,3.0,HYBRID_V3_NESTED,,,,,,
10000.0,1000.0,0.0,0.0,9000.0,0.0,1000.0,0.0,0.0,0.0,0.0,1.0,1.0,0.5,healthcare_A5_r10_s1444,healthcare,3.0,RULE_ONLY,,,,,,
10000.0,100.0,98.0,90.0,9892.0,8.0,10.0,0.9183673469387755,0.9,0.9090909090909091,0.0008080808080808081,0.1,0.9991919191919192,0.9495959595959595,healthcare_A6_r01_s1542,healthcare,2.0,AI_CONSENSUS,,,,,,
10000.0,100.0,218.0,48.0,9730.0,170.0,52.0,0.22018348623853212,0.48,0.3018867924528302,0.01717171717171717,0.52,0.9828282828282828,0.7314141414141414,healthcare_A6_r01_s1542,healthcare,2.0,HYBRID_V1,,,,,,
10000.0,100.0,218.0,48.0,9730.0,170.0,52.0,0.22018348623853212,0.48,0.3018867924528302,0.01717171717171717,0.52,0.9828282828282828,0.7314141414141414,healthcare_A6_r01_s1542,healthcare,2.0,HYBRID_V3_NESTED,,,,,,
10000.0,100.0,0.0,0.0,9900.0,0.0,100.0,0.0,0.0,0.0,0.0,1.0,1.0,0.5,healthcare_A6_r01_s1542,healthcare,2.0,RULE_ONLY,,,,,,
10000.0,500.0,460.0,455.0,9495.0,5.0,45.0,0.9891304347826086,0.91,0.9479166666666667,0.0005263157894736842,0.09,0.9994736842105263,0.9547368421052631,healthcare_A6_r05_s1543,healthcare,3.0,AI_CONSENSUS,,,,,,
10000.0,500.0,324.0,255.0,9431.0,69.0,245.0,0.7870370370370371,0.51,0.6189320388349515,0.007263157894736842,0.49,0.9927368421052631,0.7513684210526316,healthcare_A6_r05_s1543,healthcare,3.0,HYBRID_V1,,,,,,
10000.0,500.0,324.0,255.0,9431.0,69.0,245.0,0.7870370370370371,0.51,0.6189320388349515,0.007263157894736842,0.49,0.9927368421052631,0.7513684210526316,healthcare_A6_r05_s1543,healthcare,3.0,HYBRID_V3_NESTED,,,,,,
10000.0,500.0,0.0,0.0,9500.0,0.0,500.0,0.0,0.0,0.0,0.0,1.0,1.0,0.5,healthcare_A6_r05_s1543,healthcare,3.0,RULE_ONLY,,,,,,
10000.0,1000.0,921.0,906.0,8985.0,15.0,94.0,0.9837133550488599,0.906,0.9432587194169703,0.0016666666666666668,0.094,0.9983333333333333,0.9521666666666666,healthcare_A6_r10_s1544,healthcare,3.0,AI_CONSENSUS,,,,,,
10000.0,1000.0,473.0,459.0,8986.0,14.0,541.0,0.9704016913319239,0.459,0.6232179226069247,0.0015555555555555555,0.541,0.9984444444444445,0.7287222222222223,healthcare_A6_r10_s1544,healthcare,3.0,HYBRID_V1,,,,,,
10000.0,1000.0,473.0,459.0,8986.0,14.0,541.0,0.9704016913319239,0.459,0.6232179226069247,0.0015555555555555555,0.541,0.9984444444444445,0.7287222222222223,healthcare_A6_r10_s1544,healthcare,3.0,HYBRID_V3_NESTED,,,,,,
10000.0,1000.0,0.0,0.0,9000.0,0.0,1000.0,0.0,0.0,0.0,0.0,1.0,1.0,0.5,healthcare_A6_r10_s1544,healthcare,3.0,RULE_ONLY,,,,,,
10000.0,100.0,8.0,0.0,9892.0,8.0,100.0,0.0,0.0,0.0,0.0008080808080808081,1.0,0.9991919191919192,0.4995959595959596,healthcare_A7_r01_s1642,healthcare,2.0,AI_CONSENSUS,,,,,,
10000.0,100.0,181.0,7.0,9726.0,174.0,93.0,0.03867403314917127,0.07,0.0498220640569395,0.017575757575757574,0.93,0.9824242424242424,0.5262121212121212,healthcare_A7_r01_s1642,healthcare,2.0,HYBRID_V1,,,,,,
10000.0,100.0,181.0,7.0,9726.0,174.0,93.0,0.03867403314917127,0.07,0.0498220640569395,0.017575757575757574,0.93,0.9824242424242424,0.5262121212121212,healthcare_A7_r01_s1642,healthcare,2.0,HYBRID_V3_NESTED,,,,,,
10000.0,100.0,0.0,0.0,9900.0,0.0,100.0,0.0,0.0,0.0,0.0,1.0,1.0,0.5,healthcare_A7_r01_s1642,healthcare,2.0,RULE_ONLY,,,,,,
10000.0,500.0,10.0,1.0,9491.0,9.0,499.0,0.1,0.002,0.00392156862745098,0.0009473684210526315,0.998,0.9990526315789474,0.5005263157894737,healthcare_A7_r05_s1643,healthcare,1.0,AI_CONSENSUS,,,,,,
10000.0,500.0,179.0,43.0,9364.0,136.0,457.0,0.24022346368715083,0.086,0.12665684830633284,0.01431578947368421,0.914,0.9856842105263158,0.5358421052631579,healthcare_A7_r05_s1643,healthcare,1.0,HYBRID_V1,,,,,,
10000.0,500.0,179.0,43.0,9364.0,136.0,457.0,0.24022346368715083,0.086,0.12665684830633284,0.01431578947368421,0.914,0.9856842105263158,0.5358421052631579,healthcare_A7_r05_s1643,healthcare,1.0,HYBRID_V3_NESTED,,,,,,
10000.0,500.0,0.0,0.0,9500.0,0.0,500.0,0.0,0.0,0.0,0.0,1.0,1.0,0.5,healthcare_A7_r05_s1643,healthcare,1.0,RULE_ONLY,,,,,,
10000.0,1000.0,9.0,0.0,8991.0,9.0,1000.0,0.0,0.0,0.0,0.001,1.0,0.999,0.4995,healthcare_A7_r10_s1644,healthcare,1.0,AI_CONSENSUS,,,,,,
10000.0,1000.0,145.0,41.0,8896.0,104.0,959.0,0.2827586206896552,0.041,0.07161572052401748,0.011555555555555555,0.959,0.9884444444444445,0.5147222222222222,healthcare_A7_r10_s1644,healthcare,1.0,HYBRID_V1,,,,,,
10000.0,1000.0,145.0,41.0,8896.0,104.0,959.0,0.2827586206896552,0.041,0.07161572052401748,0.011555555555555555,0.959,0.9884444444444445,0.5147222222222222,healthcare_A7_r10_s1644,healthcare,1.0,HYBRID_V3_NESTED,,,,,,
10000.0,1000.0,0.0,0.0,9000.0,0.0,1000.0,0.0,0.0,0.0,0.0,1.0,1.0,0.5,healthcare_A7_r10_s1644,healthcare,1.0,RULE_ONLY,,,,,,
10000.0,100.0,2684.0,25.0,7241.0,2659.0,75.0,0.009314456035767511,0.25,0.017959770114942528,0.2685858585858586,0.75,0.7314141414141414,0.4907070707070707,retail_A1_r01_s2042,retail,3.0,AI_CONSENSUS,,,,,,
10000.0,100.0,2118.0,100.0,7882.0,2018.0,0.0,0.047214353163361665,1.0,0.09017132551848513,0.20383838383838385,0.0,0.7961616161616162,0.898080808080808,retail_A1_r01_s2042,retail,3.0,HYBRID_V1,,,,,,
10000.0,100.0,1450.0,22.0,8472.0,1428.0,78.0,0.015172413793103448,0.22,0.02838709677419355,0.14424242424242426,0.78,0.8557575757575757,0.5378787878787878,retail_A1_r01_s2042,retail,3.0,HYBRID_V3_NESTED,,,,,,
10000.0,100.0,777.0,100.0,9223.0,677.0,0.0,0.1287001287001287,1.0,0.2280501710376283,0.06838383838383838,0.0,0.9316161616161616,0.9658080808080808,retail_A1_r01_s2042,retail,3.0,RULE_ONLY,,,,,,
10000.0,500.0,2801.0,145.0,6844.0,2656.0,355.0,0.0517672259907176,0.29,0.08785216601029991,0.27957894736842104,0.71,0.720421052631579,0.5052105263157894,retail_A1_r05_s2043,retail,1.0,AI_CONSENSUS,,,,,,
10000.0,500.0,2423.0,500.0,7577.0,1923.0,0.0,0.20635575732562939,1.0,0.3421142661648991,0.20242105263157895,0.0,0.797578947368421,0.8987894736842106,retail_A1_r05_s2043,retail,1.0,HYBRID_V1,,,,,,
10000.0,500.0,1467.0,110.0,8143.0,1357.0,390.0,0.07498295841854125,0.22,0.11184544992374174,0.14284210526315788,0.78,0.8571578947368421,0.538578947368421,retail_A1_r05_s2043,retail,1.0,HYBRID_V3_NESTED,,,,,,
10000.0,500.0,1153.0,500.0,8847.0,653.0,0.0,0.4336513443191674,1.0,0.6049606775559588,0.06873684210526315,0.0,0.9312631578947368,0.9656315789473684,retail_A1_r05_s2043,retail,1.0,RULE_ONLY,,,,,,
10000.0,1000.0,2745.0,273.0,6528.0,2472.0,727.0,0.0994535519125683,0.273,0.14579439252336449,0.27466666666666667,0.727,0.7253333333333334,0.4991666666666667,retail_A1_r10_s2044,retail,2.0,AI_CONSENSUS,,,,,,
10000.0,1000.0,2779.0,1000.0,7221.0,1779.0,0.0,0.35984166966534725,1.0,0.5292405398253506,0.19766666666666666,0.0,0.8023333333333333,0.9011666666666667,retail_A1_r10_s2044,retail,2.0,HYBRID_V1,,,,,,
10000.0,1000.0,1496.0,200.0,7704.0,1296.0,800.0,0.13368983957219252,0.2,0.16025641025641024,0.144,0.8,0.856,0.528,retail_A1_r10_s2044,retail,2.0,HYBRID_V3_NESTED,,,,,,
10000.0,1000.0,1553.0,1000.0,8447.0,553.0,0.0,0.6439150032195751,1.0,0.7833920877399139,0.06144444444444445,0.0,0.9385555555555556,0.9692777777777778,retail_A1_r10_s2044,retail,2.0,RULE_ONLY,,,,,,
10000.0,100.0,2708.0,23.0,7215.0,2685.0,77.0,0.008493353028064993,0.23,0.016381766381766385,0.27121212121212124,0.77,0.7287878787878788,0.4793939393939394,retail_A2_r01_s2142,retail,2.0,AI_CONSENSUS,,,,,,
10000.0,100.0,2175.0,100.0,7825.0,2075.0,0.0,0.04597701149425287,1.0,0.08791208791208792,0.20959595959595959,0.0,0.7904040404040404,0.8952020202020202,retail_A2_r01_s2142,retail,2.0,HYBRID_V1,,,,,,
10000.0,100.0,1398.0,15.0,8517.0,1383.0,85.0,0.01072961373390558,0.15,0.020026702269692925,0.1396969696969697,0.85,0.8603030303030303,0.5051515151515151,retail_A2_r01_s2142,retail,2.0,HYBRID_V3_NESTED,,,,,,
10000.0,100.0,900.0,100.0,9100.0,800.0,0.0,0.1111111111111111,1.0,0.19999999999999998,0.08080808080808081,0.0,0.9191919191919192,0.9595959595959596,retail_A2_r01_s2142,retail,2.0,RULE_ONLY,,,,,,
10000.0,500.0,2712.0,134.0,6922.0,2578.0,366.0,0.049410029498525077,0.268,0.08343711083437111,0.2713684210526316,0.732,0.7286315789473684,0.4983157894736842,retail_A2_r05_s2143,retail,1.0,AI_CONSENSUS,,,,,,
10000.0,500.0,2797.0,500.0,7203.0,2297.0,0.0,0.1787629603146228,1.0,0.3033060357901122,0.24178947368421053,0.0,0.7582105263157894,0.8791052631578947,retail_A2_r05_s2143,retail,1.0,HYBRID_V1,,,,,,
10000.0,500.0,1419.0,79.0,8160.0,1340.0,421.0,0.05567300916138125,0.158,0.0823345492443981,0.14105263157894737,0.842,0.8589473684210527,0.5084736842105263,retail_A2_r05_s2143,retail,1.0,HYBRID_V3_NESTED,,,,,,
10000.0,500.0,1626.0,500.0,8374.0,1126.0,0.0,0.3075030750307503,1.0,0.4703668861712135,0.11852631578947369,0.0,0.8814736842105263,0.9407368421052631,retail_A2_r05_s2143,retail,1.0,RULE_ONLY,,,,,,
10000.0,1000.0,2723.0,264.0,6541.0,2459.0,736.0,0.0969518912963643,0.264,0.14182111200644643,0.2732222222222222,0.736,0.7267777777777777,0.4953888888888889,retail_A2_r10_s2144,retail,1.0,AI_CONSENSUS,,,,,,
10000.0,1000.0,3506.0,1000.0,6494.0,2506.0,0.0,0.2852253280091272,1.0,0.44385264092321347,0.27844444444444444,0.0,0.7215555555555555,0.8607777777777778,retail_A2_r10_s2144,retail,1.0,HYBRID_V1,,,,,,
10000.0,1000.0,1458.0,163.0,7705.0,1295.0,837.0,0.11179698216735254,0.163,0.13262815296989422,0.1438888888888889,0.837,0.8561111111111112,0.5095555555555555,retail_A2_r10_s2144,retail,1.0,HYBRID_V3_NESTED,,,,,,
10000.0,1000.0,2436.0,1000.0,7564.0,1436.0,0.0,0.41050903119868637,1.0,0.5820721769499418,0.15955555555555556,0.0,0.8404444444444444,0.9202222222222223,retail_A2_r10_s2144,retail,1.0,RULE_ONLY,,,,,,
10000.0,100.0,2813.0,100.0,7187.0,2713.0,0.0,0.03554923569143263,1.0,0.06865774116031582,0.27404040404040403,0.0,0.7259595959595959,0.862979797979798,retail_A3_r01_s2242,retail,2.0,AI_CONSENSUS,,,,,,
10000.0,100.0,2111.0,100.0,7889.0,2011.0,0.0,0.04737091425864519,1.0,0.09045680687471733,0.20313131313131313,0.0,0.7968686868686868,0.8984343434343434,retail_A3_r01_s2242,retail,2.0,HYBRID_V1,,,,,,
10000.0,100.0,1532.0,100.0,8468.0,1432.0,0.0,0.06527415143603134,1.0,0.12254901960784315,0.14464646464646463,0.0,0.8553535353535353,0.9276767676767677,retail_A3_r01_s2242,retail,2.0,HYBRID_V3_NESTED,,,,,,
10000.0,100.0,768.0,100.0,9232.0,668.0,0.0,0.13020833333333334,1.0,0.23041474654377883,0.06747474747474748,0.0,0.9325252525252525,0.9662626262626263,retail_A3_r01_s2242,retail,2.0,RULE_ONLY,,,,,,
10000.0,500.0,3119.0,500.0,6881.0,2619.0,0.0,0.1603077909586406,1.0,0.2763194252555955,0.2756842105263158,0.0,0.7243157894736842,0.8621578947368421,retail_A3_r05_s2243,retail,2.0,AI_CONSENSUS,,,,,,
10000.0,500.0,2327.0,500.0,7673.0,1827.0,0.0,0.21486892995272883,1.0,0.3537318712415988,0.19231578947368422,0.0,0.8076842105263158,0.9038421052631579,retail_A3_r05_s2243,retail,2.0,HYBRID_V1,,,,,,
10000.0,500.0,1763.0,500.0,8237.0,1263.0,0.0,0.28360748723766305,1.0,0.4418912947414936,0.13294736842105262,0.0,0.8670526315789474,0.9335263157894738,retail_A3_r05_s2243,retail,2.0,HYBRID_V3_NESTED,,,,,,
10000.0,500.0,1131.0,500.0,8869.0,631.0,0.0,0.4420866489832007,1.0,0.6131207847946045,0.06642105263157895,0.0,0.9335789473684211,0.9667894736842105,retail_A3_r05_s2243,retail,2.0,RULE_ONLY,,,,,,
10000.0,1000.0,3522.0,1000.0,6478.0,2522.0,0.0,0.2839295854628052,1.0,0.44228217602830605,0.2802222222222222,0.0,0.7197777777777777,0.8598888888888889,retail_A3_r10_s2244,retail,3.0,AI_CONSENSUS,,,,,,
10000.0,1000.0,2581.0,1000.0,7419.0,1581.0,0.0,0.38744672607516467,1.0,0.5585032113934656,0.17566666666666667,0.0,0.8243333333333334,0.9121666666666667,retail_A3_r10_s2244,retail,3.0,HYBRID_V1,,,,,,
10000.0,1000.0,2074.0,1000.0,7926.0,1074.0,0.0,0.4821600771456123,1.0,0.6506180871828237,0.11933333333333333,0.0,0.8806666666666667,0.9403333333333334,retail_A3_r10_s2244,retail,3.0,HYBRID_V3_NESTED,,,,,,
10000.0,1000.0,1565.0,1000.0,8435.0,565.0,0.0,0.6389776357827476,1.0,0.7797270955165693,0.06277777777777778,0.0,0.9372222222222222,0.9686111111111111,retail_A3_r10_s2244,retail,3.0,RULE_ONLY,,,,,,
10000.0,100.0,2847.0,100.0,7153.0,2747.0,0.0,0.035124692658939236,1.0,0.0678656260604004,0.2774747474747475,0.0,0.7225252525252526,0.8612626262626263,retail_A4_r01_s2342,retail,3.0,AI_CONSENSUS,,,,,,
10000.0,100.0,2152.0,100.0,7848.0,2052.0,0.0,0.046468401486988845,1.0,0.08880994671403196,0.20727272727272728,0.0,0.7927272727272727,0.8963636363636364,retail_A4_r01_s2342,retail,3.0,HYBRID_V1,,,,,,
10000.0,100.0,1548.0,100.0,8452.0,1448.0,0.0,0.06459948320413436,1.0,0.12135922330097086,0.14626262626262626,0.0,0.8537373737373737,0.9268686868686868,retail_A4_r01_s2342,retail,3.0,HYBRID_V3_NESTED,,,,,,
10000.0,100.0,689.0,1.0,9212.0,688.0,99.0,0.001451378809869376,0.01,0.0025348542458808617,0.0694949494949495,0.99,0.9305050505050505,0.47025252525252526,retail_A4_r01_s2342,retail,3.0,RULE_ONLY,,,,,,
10000.0,500.0,3047.0,500.0,6953.0,2547.0,0.0,0.16409583196586808,1.0,0.28192839018889204,0.26810526315789474,0.0,0.7318947368421053,0.8659473684210526,retail_A4_r05_s2343,retail,3.0,AI_CONSENSUS,,,,,,
10000.0,500.0,2355.0,500.0,7645.0,1855.0,0.0,0.21231422505307856,1.0,0.3502626970227671,0.19526315789473683,0.0,0.8047368421052632,0.9023684210526316,retail_A4_r05_s2343,retail,3.0,HYBRID_V1,,,,,,
10000.0,500.0,1846.0,500.0,8154.0,1346.0,0.0,0.27085590465872156,1.0,0.42625745950554134,0.1416842105263158,0.0,0.8583157894736843,0.9291578947368422,retail_A4_r05_s2343,retail,3.0,HYBRID_V3_NESTED,,,,,,
10000.0,500.0,589.0,5.0,8916.0,584.0,495.0,0.008488964346349746,0.01,0.00918273645546373,0.06147368421052631,0.99,0.9385263157894737,0.47426315789473683,retail_A4_r05_s2343,retail,3.0,RULE_ONLY,,,,,,
10000.0,1000.0,3465.0,1000.0,6535.0,2465.0,0.0,0.2886002886002886,1.0,0.44792833146696526,0.2738888888888889,0.0,0.7261111111111112,0.8630555555555556,retail_A4_r10_s2344,retail,1.0,AI_CONSENSUS,,,,,,
10000.0,1000.0,2661.0,1000.0,7339.0,1661.0,0.0,0.37579857196542654,1.0,0.5462988254575253,0.18455555555555556,0.0,0.8154444444444444,0.9077222222222222,retail_A4_r10_s2344,retail,1.0,HYBRID_V1,,,,,,
10000.0,1000.0,2125.0,1000.0,7875.0,1125.0,0.0,0.47058823529411764,1.0,0.6399999999999999,0.125,0.0,0.875,0.9375,retail_A4_r10_s2344,retail,1.0,HYBRID_V3_NESTED,,,,,,
10000.0,1000.0,599.0,18.0,8419.0,581.0,982.0,0.03005008347245409,0.018,0.022514071294559096,0.06455555555555556,0.982,0.9354444444444444,0.4767222222222222,retail_A4_r10_s2344,retail,1.0,RULE_ONLY,,,,,,
10000.0,100.0,2785.0,100.0,7215.0,2685.0,0.0,0.03590664272890485,1.0,0.06932409012131717,0.27121212121212124,0.0,0.7287878787878788,0.8643939393939394,retail_A5_r01_s2442,retail,3.0,AI_CONSENSUS,,,,,,
10000.0,100.0,2120.0,100.0,7880.0,2020.0,0.0,0.04716981132075472,1.0,0.09009009009009009,0.20404040404040405,0.0,0.795959595959596,0.897979797979798,retail_A5_r01_s2442,retail,3.0,HYBRID_V1,,,,,,
10000.0,100.0,1508.0,100.0,8492.0,1408.0,0.0,0.06631299734748011,1.0,0.12437810945273634,0.14222222222222222,0.0,0.8577777777777778,0.9288888888888889,retail_A5_r01_s2442,retail,3.0,HYBRID_V3_NESTED,,,,,,
10000.0,100.0,690.0,0.0,9210.0,690.0,100.0,0.0,0.0,0.0,0.0696969696969697,1.0,0.9303030303030303,0.46515151515151515,retail_A5_r01_s2442,retail,3.0,RULE_ONLY,,,,,,
10000.0,500.0,3055.0,500.0,6945.0,2555.0,0.0,0.16366612111292964,1.0,0.2812939521800282,0.26894736842105266,0.0,0.7310526315789474,0.8655263157894737,retail_A5_r05_s2443,retail,3.0,AI_CONSENSUS,,,,,,
10000.0,500.0,2391.0,500.0,7609.0,1891.0,0.0,0.20911752404851527,1.0,0.3459010722933241,0.19905263157894737,0.0,0.8009473684210526,0.9004736842105263,retail_A5_r05_s2443,retail,3.0,HYBRID_V1,,,,,,
10000.0,500.0,1832.0,500.0,8168.0,1332.0,0.0,0.27292576419213976,1.0,0.4288164665523157,0.14021052631578948,0.0,0.8597894736842105,0.9298947368421053,retail_A5_r05_s2443,retail,3.0,HYBRID_V3_NESTED,,,,,,
10000.0,500.0,641.0,2.0,8861.0,639.0,498.0,0.0031201248049922,0.004,0.0035056967572304996,0.06726315789473684,0.996,0.9327368421052632,0.4683684210526316,retail_A5_r05_s2443,retail,3.0,RULE_ONLY,,,,,,
10000.0,1000.0,3513.0,1000.0,6487.0,2513.0,0.0,0.2846569883290635,1.0,0.4431641923332595,0.2792222222222222,0.0,0.7207777777777777,0.8603888888888889,retail_A5_r10_s2444,retail,2.0,AI_CONSENSUS,,,,,,
10000.0,1000.0,2688.0,1000.0,7312.0,1688.0,0.0,0.37202380952380953,1.0,0.5422993492407809,0.18755555555555556,0.0,0.8124444444444444,0.9062222222222223,retail_A5_r10_s2444,retail,2.0,HYBRID_V1,,,,,,
10000.0,1000.0,2180.0,1000.0,7820.0,1180.0,0.0,0.45871559633027525,1.0,0.628930817610063,0.13111111111111112,0.0,0.8688888888888889,0.9344444444444444,retail_A5_r10_s2444,retail,2.0,HYBRID_V3_NESTED,,,,,,
10000.0,1000.0,581.0,9.0,8428.0,572.0,991.0,0.01549053356282272,0.009,0.011385199240986715,0.06355555555555556,0.991,0.9364444444444444,0.4727222222222222,retail_A5_r10_s2444,retail,2.0,RULE_ONLY,,,,,,
10000.0,100.0,2761.0,99.0,7238.0,2662.0,1.0,0.035856573705179286,0.99,0.0692065711289759,0.2688888888888889,0.01,0.7311111111111112,0.8605555555555555,retail_A6_r01_s2542,retail,1.0,AI_CONSENSUS,,,,,,
10000.0,100.0,2095.0,98.0,7903.0,1997.0,2.0,0.04677804295942721,0.98,0.08929384965831437,0.2017171717171717,0.02,0.7982828282828283,0.8891414141414141,retail_A6_r01_s2542,retail,1.0,HYBRID_V1,,,,,,
10000.0,100.0,1465.0,98.0,8533.0,1367.0,2.0,0.06689419795221843,0.98,0.12523961661341854,0.13808080808080808,0.02,0.861919191919192,0.920959595959596,retail_A6_r01_s2542,retail,1.0,HYBRID_V3_NESTED,,,,,,
10000.0,100.0,713.0,1.0,9188.0,712.0,99.0,0.001402524544179523,0.01,0.0024600246002460025,0.07191919191919192,0.99,0.9280808080808081,0.46904040404040404,retail_A6_r01_s2542,retail,1.0,RULE_ONLY,,,,,,
10000.0,500.0,3053.0,496.0,6943.0,2557.0,4.0,0.16246315099901737,0.992,0.27920067548550526,0.2691578947368421,0.008,0.7308421052631578,0.8614210526315789,retail_A6_r05_s2543,retail,2.0,AI_CONSENSUS,,,,,,
10000.0,500.0,2289.0,484.0,7695.0,1805.0,16.0,0.21144604630843164,0.968,0.347077805665113,0.19,0.032,0.81,0.889,retail_A6_r05_s2543,retail,2.0,HYBRID_V1,,,,,,
10000.0,500.0,1740.0,484.0,8244.0,1256.0,16.0,0.27816091954022987,0.968,0.4321428571428571,0.13221052631578947,0.032,0.8677894736842106,0.9178947368421053,retail_A6_r05_s2543,retail,2.0,HYBRID_V3_NESTED,,,,,,
10000.0,500.0,626.0,5.0,8879.0,621.0,495.0,0.007987220447284345,0.01,0.008880994671403197,0.06536842105263158,0.99,0.9346315789473684,0.4723157894736842,retail_A6_r05_s2543,retail,2.0,RULE_ONLY,,,,,,
10000.0,1000.0,3414.0,990.0,6576.0,2424.0,10.0,0.28998242530755713,0.99,0.44857272315360225,0.2693333333333333,0.01,0.7306666666666667,0.8603333333333334,retail_A6_r10_s2544,retail,1.0,AI_CONSENSUS,,,,,,
10000.0,1000.0,2639.0,977.0,7338.0,1662.0,23.0,0.37021599090564605,0.977,0.5369607034899697,0.18466666666666667,0.023,0.8153333333333334,0.8961666666666667,retail_A6_r10_s2544,retail,1.0,HYBRID_V1,,,,,,
10000.0,1000.0,2090.0,976.0,7886.0,1114.0,24.0,0.46698564593301434,0.976,0.631715210355987,0.12377777777777778,0.024,0.8762222222222222,0.9261111111111111,retail_A6_r10_s2544,retail,1.0,HYBRID_V3_NESTED,,,,,,
10000.0,1000.0,617.0,14.0,8397.0,603.0,986.0,0.022690437601296597,0.014,0.017316017316017316,0.067,0.986,0.933,0.47350000000000003,retail_A6_r10_s2544,retail,1.0,RULE_ONLY,,,,,,
10000.0,100.0,2748.0,17.0,7169.0,2731.0,83.0,0.006186317321688501,0.17,0.01193820224719101,0.27585858585858586,0.83,0.7241414141414141,0.44707070707070706,retail_A7_r01_s2642,retail,3.0,AI_CONSENSUS,,,,,,
10000.0,100.0,2055.0,18.0,7863.0,2037.0,82.0,0.008759124087591242,0.18,0.016705336426914155,0.20575757575757575,0.82,0.7942424242424242,0.48712121212121207,retail_A7_r01_s2642,retail,3.0,HYBRID_V1,,,,,,
10000.0,100.0,1465.0,17.0,8452.0,1448.0,83.0,0.011604095563139932,0.17,0.02172523961661342,0.14626262626262626,0.83,0.8537373737373737,0.5118686868686868,retail_A7_r01_s2642,retail,3.0,HYBRID_V3_NESTED,,,,,,
10000.0,100.0,676.0,2.0,9226.0,674.0,98.0,0.0029585798816568047,0.02,0.005154639175257732,0.06808080808080808,0.98,0.9319191919191919,0.47595959595959597,retail_A7_r01_s2642,retail,3.0,RULE_ONLY,,,,,,
10000.0,500.0,2620.0,83.0,6963.0,2537.0,417.0,0.0316793893129771,0.166,0.0532051282051282,0.2670526315789474,0.834,0.7329473684210527,0.44947368421052636,retail_A7_r05_s2643,retail,1.0,AI_CONSENSUS,,,,,,
10000.0,500.0,2005.0,88.0,7583.0,1917.0,412.0,0.04389027431421447,0.176,0.07025948103792415,0.20178947368421052,0.824,0.7982105263157895,0.4871052631578947,retail_A7_r05_s2643,retail,1.0,HYBRID_V1,,,,,,
10000.0,500.0,1425.0,83.0,8158.0,1342.0,417.0,0.05824561403508772,0.166,0.08623376623376625,0.14126315789473684,0.834,0.8587368421052631,0.5123684210526316,retail_A7_r05_s2643,retail,1.0,HYBRID_V3_NESTED,,,,,,
10000.0,500.0,644.0,7.0,8863.0,637.0,493.0,0.010869565217391304,0.014,0.012237762237762238,0.06705263157894736,0.986,0.9329473684210526,0.4734736842105263,retail_A7_r05_s2643,retail,1.0,RULE_ONLY,,,,,,
10000.0,1000.0,2646.0,180.0,6534.0,2466.0,820.0,0.06802721088435375,0.18,0.09873834339001646,0.274,0.82,0.726,0.45299999999999996,retail_A7_r10_s2644,retail,2.0,AI_CONSENSUS,,,,,,
10000.0,1000.0,1907.0,195.0,7288.0,1712.0,805.0,0.10225485055060304,0.195,0.13415892672858615,0.1902222222222222,0.805,0.8097777777777778,0.5023888888888889,retail_A7_r10_s2644,retail,2.0,HYBRID_V1,,,,,,
10000.0,1000.0,1404.0,180.0,7776.0,1224.0,820.0,0.1282051282051282,0.18,0.1497504159733777,0.136,0.82,0.864,0.522,retail_A7_r10_s2644,retail,2.0,HYBRID_V3_NESTED,,,,,,
10000.0,1000.0,572.0,18.0,8446.0,554.0,982.0,0.03146853146853147,0.018,0.022900763358778626,0.06155555555555556,0.982,0.9384444444444444,0.4782222222222222,retail_A7_r10_s2644,retail,2.0,RULE_ONLY,,,,,,
,,,,,,,0.06583278472679395,1.0,0.12353304508956148,0.14333333333333334,0.0,0.8566666666666667,0.9283333333333333,finance_A1_r01_s42,finance,,HYBRID_V3_GOVERNED,100.0,1419.0,0.0,8481.0,A1,0.01
,,,,,,,0.28042624789680315,1.0,0.43802014892685065,0.13505263157894737,0.0,0.8649473684210527,0.9324736842105263,finance_A1_r05_s43,finance,,HYBRID_V3_GOVERNED,500.0,1283.0,0.0,8217.0,A1,0.05
,,,,,,,0.43591979075850046,1.0,0.6071645415907712,0.14377777777777778,0.0,0.8562222222222222,0.9281111111111111,finance_A1_r10_s44,finance,,HYBRID_V3_GOVERNED,1000.0,1294.0,0.0,7706.0,A1,0.1
,,,,,,,0.06459948320413436,1.0,0.12135922330097086,0.14626262626262626,0.0,0.8537373737373737,0.9268686868686868,finance_A2_r01_s142,finance,,HYBRID_V3_GOVERNED,100.0,1448.0,0.0,8452.0,A2,0.01
,,,,,,,0.22737608003638018,1.0,0.3705075954057058,0.17884210526315789,0.0,0.8211578947368421,0.910578947368421,finance_A2_r05_s143,finance,,HYBRID_V3_GOVERNED,500.0,1699.0,0.0,7801.0,A2,0.05
,,,,,,,0.33222591362126247,1.0,0.49875311720698257,0.22333333333333333,0.0,0.7766666666666666,0.8883333333333333,finance_A2_r10_s144,finance,,HYBRID_V3_GOVERNED,1000.0,2010.0,0.0,6990.0,A2,0.1
,,,,,,,0.06693440428380187,1.0,0.12547051442910917,0.1408080808080808,0.0,0.8591919191919192,0.9295959595959595,finance_A3_r01_s242,finance,,HYBRID_V3_GOVERNED,100.0,1394.0,0.0,8506.0,A3,0.01
,,,,,,,0.2692514808831449,1.0,0.4242681374628765,0.14284210526315788,0.0,0.8571578947368421,0.9285789473684211,finance_A3_r05_s243,finance,,HYBRID_V3_GOVERNED,500.0,1357.0,0.0,8143.0,A3,0.05
,,,,,,,0.44682752457551383,1.0,0.6176652254478073,0.13755555555555554,0.0,0.8624444444444445,0.9312222222222222,finance_A3_r10_s244,finance,,HYBRID_V3_GOVERNED,1000.0,1238.0,0.0,7762.0,A3,0.1
,,,,,,,0.05383580080753701,0.8,0.1008827238335435,0.14202020202020202,0.2,0.857979797979798,0.8289898989898989,finance_A4_r01_s342,finance,,HYBRID_V3_GOVERNED,80.0,1406.0,20.0,8494.0,A4,0.01
,,,,,,,0.22151898734177214,0.77,0.34405719392314565,0.14242105263157895,0.23,0.8575789473684211,0.8137894736842106,finance_A4_r05_s343,finance,,HYBRID_V3_GOVERNED,385.0,1353.0,115.0,8147.0,A4,0.05
,,,,,,,0.3678459937565036,0.707,0.4839151266255989,0.135,0.293,0.865,0.786,finance_A4_r10_s344,finance,,HYBRID_V3_GOVERNED,707.0,1215.0,293.0,7785.0,A4,0.1
,,,,,,,0.010744985673352435,0.15,0.020053475935828874,0.1394949494949495,0.85,0.8605050505050506,0.5052525252525253,finance_A5_r01_s442,finance,,HYBRID_V3_GOVERNED,15.0,1381.0,85.0,8519.0,A5,0.01
,,,,,,,0.07475317348377997,0.212,0.11053180396246089,0.13810526315789473,0.788,0.8618947368421053,0.5369473684210526,finance_A5_r05_s443,finance,,HYBRID_V3_GOVERNED,106.0,1312.0,394.0,8188.0,A5,0.05
,,,,,,,0.12603305785123967,0.183,0.14926590538336051,0.141,0.817,0.859,0.521,finance_A5_r10_s444,finance,,HYBRID_V3_GOVERNED,183.0,1269.0,817.0,7731.0,A5,0.1
,,,,,,,0.01072961373390558,0.15,0.020026702269692925,0.1396969696969697,0.85,0.8603030303030303,0.5051515151515151,finance_A6_r01_s542,finance,,HYBRID_V3_GOVERNED,15.0,1383.0,85.0,8517.0,A6,0.01
,,,,,,,0.04905395935529082,0.14,0.0726517903476907,0.14284210526315788,0.86,0.8571578947368421,0.49857894736842107,finance_A6_r05_s543,finance,,HYBRID_V3_GOVERNED,70.0,1357.0,430.0,8143.0,A6,0.05
,,,,,,,0.11773255813953488,0.162,0.13636363636363635,0.1348888888888889,0.838,0.8651111111111112,0.5135555555555555,finance_A6_r10_s544,finance,,HYBRID_V3_GOVERNED,162.0,1214.0,838.0,7786.0,A6,0.1
,,,,,,,0.013196480938416423,0.18,0.02459016393442623,0.13595959595959595,0.82,0.864040404040404,0.522020202020202,finance_A7_r01_s642,finance,,HYBRID_V3_GOVERNED,18.0,1346.0,82.0,8554.0,A7,0.01
,,,,,,,0.07237299930410578,0.208,0.10738255033557047,0.1403157894736842,0.792,0.8596842105263158,0.5338421052631579,finance_A7_r05_s643,finance,,HYBRID_V3_GOVERNED,104.0,1333.0,396.0,8167.0,A7,0.05
,,,,,,,0.1430472388556221,0.215,0.17179384738314024,0.1431111111111111,0.785,0.8568888888888889,0.5359444444444444,finance_A7_r10_s644,finance,,HYBRID_V3_GOVERNED,215.0,1288.0,785.0,7712.0,A7,0.1
,,,,,,,0.35335689045936397,1.0,0.5221932114882506,0.018484848484848486,0.0,0.9815151515151516,0.9907575757575757,healthcare_A1_r01_s1042,healthcare,,HYBRID_V3_GOVERNED,100.0,183.0,0.0,9717.0,A1,0.01
,,,,,,,0.7418397626112759,1.0,0.8517887563884156,0.01831578947368421,0.0,0.9816842105263158,0.990842105263158,healthcare_A1_r05_s1043,healthcare,,HYBRID_V3_GOVERNED,500.0,174.0,0.0,9326.0,A1,0.05
,,,,,,,0.8583690987124464,1.0,0.9237875288683602,0.018333333333333333,0.0,0.9816666666666667,0.9908333333333333,healthcare_A1_r10_s1044,healthcare,,HYBRID_V3_GOVERNED,1000.0,165.0,0.0,8835.0,A1,0.1
,,,,,,,0.27548209366391185,1.0,0.4319654427645788,0.026565656565656567,0.0,0.9734343434343434,0.9867171717171717,healthcare_A2_r01_s1142,healthcare,,HYBRID_V3_GOVERNED,100.0,263.0,0.0,9637.0,A2,0.01
,,,,,,,0.43215211754537597,1.0,0.6035003017501509,0.0691578947368421,0.0,0.9308421052631579,0.965421052631579,healthcare_A2_r05_s1143,healthcare,,HYBRID_V3_GOVERNED,500.0,657.0,0.0,8843.0,A2,0.05
,,,,,,,0.48851978505129456,1.0,0.6563833278634723,0.11633333333333333,0.0,0.8836666666666667,0.9418333333333333,healthcare_A2_r10_s1144,healthcare,,HYBRID_V3_GOVERNED,1000.0,1047.0,0.0,7953.0,A2,0.1
,,,,,,,0.40160642570281124,1.0,0.5730659025787965,0.01505050505050505,0.0,0.9849494949494949,0.9924747474747475,healthcare_A3_r01_s1242,healthcare,,HYBRID_V3_GOVERNED,100.0,149.0,0.0,9751.0,A3,0.01
,,,,,,,0.8912655971479501,1.0,0.942507068803016,0.006421052631578947,0.0,0.993578947368421,0.9967894736842104,healthcare_A3_r05_s1243,healthcare,,HYBRID_V3_GOVERNED,500.0,61.0,0.0,9439.0,A3,0.05
,,,,,,,0.9930486593843099,1.0,0.9965122072745392,0.0007777777777777777,0.0,0.9992222222222222,0.9996111111111111,healthcare_A3_r10_s1244,healthcare,,HYBRID_V3_GOVERNED,1000.0,7.0,0.0,8993.0,A3,0.1
,,,,,,,0.354978354978355,0.82,0.4954682779456194,0.01505050505050505,0.18,0.9849494949494949,0.9024747474747474,healthcare_A4_r01_s1342,healthcare,,HYBRID_V3_GOVERNED,82.0,149.0,18.0,9751.0,A4,0.01
,,,,,,,0.8611111111111112,0.806,0.8326446280991736,0.006842105263157895,0.194,0.9931578947368421,0.899578947368421,healthcare_A4_r05_s1343,healthcare,,HYBRID_V3_GOVERNED,403.0,65.0,97.0,9435.0,A4,0.05
,,,,,,,0.9943181818181818,0.7,0.8215962441314553,0.00044444444444444447,0.3,0.9995555555555555,0.8497777777777777,healthcare_A4_r10_s1344,healthcare,,HYBRID_V3_GOVERNED,700.0,4.0,300.0,8996.0,A4,0.1
,,,,,,,0.026881720430107527,0.05,0.03496503496503497,0.018282828282828283,0.95,0.9817171717171718,0.5158585858585859,healthcare_A5_r01_s1442,healthcare,,HYBRID_V3_GOVERNED,5.0,181.0,95.0,9719.0,A5,0.01
,,,,,,,0.1927710843373494,0.064,0.0960960960960961,0.014105263157894737,0.936,0.9858947368421053,0.5249473684210526,healthcare_A5_r05_s1443,healthcare,,HYBRID_V3_GOVERNED,32.0,134.0,468.0,9366.0,A5,0.05
,,,,,,,0.34177215189873417,0.054,0.09326424870466321,0.011555555555555555,0.946,0.9884444444444445,0.5212222222222223,healthcare_A5_r10_s1444,healthcare,,HYBRID_V3_GOVERNED,54.0,104.0,946.0,8896.0,A5,0.1
,,,,,,,0.2946058091286307,0.71,0.4164222873900293,0.01717171717171717,0.29,0.9828282828282828,0.8464141414141414,healthcare_A6_r01_s1542,healthcare,,HYBRID_V3_GOVERNED,71.0,170.0,29.0,9730.0,A6,0.01
,,,,,,,0.8321167883211679,0.684,0.7508232711306257,0.007263157894736842,0.316,0.9927368421052631,0.8383684210526317,healthcare_A6_r05_s1543,healthcare,,HYBRID_V3_GOVERNED,342.0,69.0,158.0,9431.0,A6,0.05
,,,,,,,0.9785604900459418,0.639,0.7731397459165155,0.0015555555555555555,0.361,0.9984444444444445,0.8187222222222222,healthcare_A6_r10_s1544,healthcare,,HYBRID_V3_GOVERNED,639.0,14.0,361.0,8986.0,A6,0.1
,,,,,,,0.03867403314917127,0.07,0.0498220640569395,0.017575757575757574,0.93,0.9824242424242424,0.5262121212121212,healthcare_A7_r01_s1642,healthcare,,HYBRID_V3_GOVERNED,7.0,174.0,93.0,9726.0,A7,0.01
,,,,,,,0.2388888888888889,0.086,0.1264705882352941,0.014421052631578947,0.914,0.985578947368421,0.5357894736842105,healthcare_A7_r05_s1643,healthcare,,HYBRID_V3_GOVERNED,43.0,137.0,457.0,9363.0,A7,0.05
,,,,,,,0.2827586206896552,0.041,0.07161572052401748,0.011555555555555555,0.959,0.9884444444444445,0.5147222222222222,healthcare_A7_r10_s1644,healthcare,,HYBRID_V3_GOVERNED,41.0,104.0,959.0,8896.0,A7,0.1
,,,,,,,0.038182512409316534,1.0,0.0735564545788893,0.2544444444444444,0.0,0.7455555555555555,0.8727777777777778,retail_A1_r01_s2042,retail,,HYBRID_V3_GOVERNED,100.0,2519.0,0.0,7381.0,A1,0.01
,,,,,,,0.16835016835016836,1.0,0.2881844380403459,0.26,0.0,0.74,0.87,retail_A1_r05_s2043,retail,,HYBRID_V3_GOVERNED,500.0,2470.0,0.0,7030.0,A1,0.05
,,,,,,,0.30931023816888337,1.0,0.4724781478856603,0.24811111111111112,0.0,0.7518888888888889,0.8759444444444444,retail_A1_r10_s2044,retail,,HYBRID_V3_GOVERNED,1000.0,2233.0,0.0,6767.0,A1,0.1
,,,,,,,0.03694126339120798,1.0,0.07125044531528321,0.2633333333333333,0.0,0.7366666666666667,0.8683333333333334,retail_A2_r01_s2142,retail,,HYBRID_V3_GOVERNED,100.0,2607.0,0.0,7293.0,A2,0.01
,,,,,,,0.152114390021296,1.0,0.2640612622128334,0.29336842105263156,0.0,0.7066315789473684,0.8533157894736842,retail_A2_r05_s2143,retail,,HYBRID_V3_GOVERNED,500.0,2787.0,0.0,6713.0,A2,0.05
,,,,,,,0.25176233635448136,1.0,0.40225261464199513,0.3302222222222222,0.0,0.6697777777777778,0.8348888888888889,retail_A2_r10_s2144,retail,,HYBRID_V3_GOVERNED,1000.0,2972.0,0.0,6028.0,A2,0.1
,,,,,,,0.037778617302606725,1.0,0.0728066982162359,0.25727272727272726,0.0,0.7427272727272727,0.8713636363636363,retail_A3_r01_s2242,retail,,HYBRID_V3_GOVERNED,100.0,2547.0,0.0,7353.0,A3,0.01
,,,,,,,0.176056338028169,1.0,0.2994011976047904,0.2463157894736842,0.0,0.7536842105263157,0.8768421052631579,retail_A3_r05_s2243,retail,,HYBRID_V3_GOVERNED,500.0,2340.0,0.0,7160.0,A3,0.05
,,,,,,,0.3363605785401951,1.0,0.5033979360684621,0.21922222222222223,0.0,0.7807777777777778,0.8903888888888889,retail_A3_r10_s2244,retail,,HYBRID_V3_GOVERNED,1000.0,1973.0,0.0,7027.0,A3,0.1
,,,,,,,0.03721622627465575,1.0,0.07176175098672406,0.26131313131313133,0.0,0.7386868686868687,0.8693434343434343,retail_A4_r01_s2342,retail,,HYBRID_V3_GOVERNED,100.0,2587.0,0.0,7313.0,A4,0.01
,,,,,,,0.17397355601948503,1.0,0.2963841138114997,0.24989473684210525,0.0,0.7501052631578947,0.8750526315789473,retail_A4_r05_s2343,retail,,HYBRID_V3_GOVERNED,500.0,2374.0,0.0,7126.0,A4,0.05
,,,,,,,0.3155569580309246,1.0,0.47973135044375154,0.241,0.0,0.759,0.8795,retail_A4_r10_s2344,retail,,HYBRID_V3_GOVERNED,1000.0,2169.0,0.0,6831.0,A4,0.1
,,,,,,,0.037778617302606725,1.0,0.0728066982162359,0.25727272727272726,0.0,0.7427272727272727,0.8713636363636363,retail_A5_r01_s2442,retail,,HYBRID_V3_GOVERNED,100.0,2547.0,0.0,7353.0,A5,0.01
,,,,,,,0.1737921445950643,1.0,0.29612081729345574,0.2502105263157895,0.0,0.7497894736842106,0.8748947368421053,retail_A5_r05_s2443,retail,,HYBRID_V3_GOVERNED,500.0,2377.0,0.0,7123.0,A5,0.05
,,,,,,,0.3114294612270321,1.0,0.4749465685110425,0.24566666666666667,0.0,0.7543333333333333,0.8771666666666667,retail_A5_r10_s2444,retail,,HYBRID_V3_GOVERNED,1000.0,2211.0,0.0,6789.0,A5,0.1
,,,,,,,0.03775743707093822,0.99,0.07274063188831742,0.2548484848484848,0.01,0.7451515151515151,0.8675757575757576,retail_A6_r01_s2542,retail,,HYBRID_V3_GOVERNED,99.0,2523.0,1.0,7377.0,A6,0.01
,,,,,,,0.17841726618705037,0.992,0.3024390243902439,0.24042105263157895,0.008,0.759578947368421,0.8757894736842105,retail_A6_r05_s2543,retail,,HYBRID_V3_GOVERNED,496.0,2284.0,4.0,7216.0,A6,0.05
,,,,,,,0.3190598840952994,0.991,0.4827082318558207,0.235,0.009,0.765,0.878,retail_A6_r10_s2544,retail,,HYBRID_V3_GOVERNED,991.0,2115.0,9.0,6885.0,A6,0.1
,,,,,,,0.00696594427244582,0.18,0.013412816691505217,0.2591919191919192,0.82,0.7408080808080808,0.46040404040404037,retail_A7_r01_s2642,retail,,HYBRID_V3_GOVERNED,18.0,2566.0,82.0,7334.0,A7,0.01
,,,,,,,0.03438843298163345,0.176,0.057535142203334416,0.26010526315789473,0.824,0.7398947368421053,0.45794736842105266,retail_A7_r05_s2643,retail,,HYBRID_V3_GOVERNED,88.0,2471.0,412.0,7029.0,A7,0.05
,,,,,,,0.08169250104733976,0.195,0.11514614703277237,0.24355555555555555,0.805,0.7564444444444445,0.47572222222222227,retail_A7_r10_s2644,retail,,HYBRID_V3_GOVERNED,195.0,2192.0,805.0,6808.0,A7,0.1
